CTAC,CTLESS,LABEL
-1.86233940253019,-1.9147238302257,0
-2.25638251123217,-2.44713399710462,0
-1.45034846854017,-1.23283970337129,0
-1.62549701057117,-1.67812353582948,0
-2.87206007326365,-2.4923555701772,0
-1.7871121322359,-1.46447573957134,0
-2.67344389942407,-2.63645170386983,0
-1.19432390952814,-1.54033461385068,0
-3.24140717598504,-3.05462510909375,0
-2.1595536540927,-2.31495937084891,0
-2.29590286982006,-2.48976873789497,0
0.4489380112338,0.420154541591634,0
-2.12743937367929,-2.21137895752192,0
-2.68259614286819,-2.51484746756619,0
-1.74829746726684,-2.22717596444939,0
-2.04640248292102,-2.02390066476686,0
-3.27352420865581,-3.08525343867104,0
-2.15716042461601,-2.30765260962626,0
-2.09700383295458,-2.48469918162701,0
-2.57828945382015,-2.35404158565127,0
-3.6653250563445,-3.40727753818432,0
-2.2650282358106,-2.52522087147076,0
-3.34996709436259,-3.15626516762666,0
-1.86013886302428,-1.893344490269,0
-1.27571991711283,-1.33326062841972,0
-2.06318211258317,-2.19421688474956,0
-0.892496332111149,-1.27386131248548,0
-2.05481449369552,-1.77625333016791,0
-1.97430012472804,-1.84802042258822,0
-2.33409474691847,-2.46323101061312,0
-0.048909239694806,-0.118028960059549,0
-2.61185998957759,-1.99867083686521,0
-1.95235159178162,-1.93656688154824,0
-2.2263382562457,-2.53562250443777,0
-2.0675283765343,-2.1430458878813,0
-1.98361265045187,-1.83857181084342,0
-2.63591057705891,-2.56496987379589,0
-1.81781846116559,-1.4686210939481,0
-3.03856236661161,-2.80070714457104,0
-1.41816681479588,-1.72903760751241,0
-1.77949678402614,-1.55594257189883,0
-1.91284487653715,-1.87397845003921,0
-2.48659000877038,-2.28947845354196,0
-1.76261934987574,-1.74605710539805,0
-2.10167946842076,-2.17828018321865,0
-3.0923965947211,-3.01658023361928,0
-2.15978255240635,-1.8529008488901,0
-2.70245250194002,-2.88900026717027,0
-2.11958835267415,-2.05841747822625,0
-1.71568639694747,-1.79431584858311,0
-1.17492167614992,-1.2749935244453,0
-0.579435957911537,-0.863030685161303,0
0.771673562329233,0.766327705646186,0
-2.49784425644415,-2.78318374885099,0
-1.65259525281405,-1.98115592956576,0
-2.86303849715397,-2.65591092156101,0
-0.715576087457101,-1.11470818736465,0
-1.29776751028884,-1.42393682160295,0
-2.37390719662813,-2.32895400391363,0
-2.12280256172024,-2.2952289576518,0
-2.52496600211598,-2.2177576437549,0
-1.62647464009651,-1.56425055909106,0
-1.27981245619289,-1.5429925764324,0
-2.73261231795544,-3.28013601506647,0
-2.06351643780209,-1.92713238529752,0
-2.31044402831428,-2.59304265071574,0
-1.73216399337887,-1.75778180498866,0
-1.79325595660431,-1.86283004468932,0
-1.37972840358064,-1.28248759669449,0
-1.4315467296382,-1.6737569517829,0
-1.80090406133996,-2.0126477055322,0
-0.688050197157859,-0.865164998770358,0
-0.602466579639156,-1.07956972261326,0
-2.67575470179231,-2.54125221620687,0
-2.96792021109078,-2.87318602451067,0
-2.84044687487005,-3.2073398893363,0
-1.99389837944508,-2.17338927464586,0
-2.01796614456084,-2.40102981189428,0
-2.22581158809941,-2.77218314200782,0
-0.652696692805272,-0.811664126182695,0
-2.13330628188136,-2.00825362059409,0
-2.64811102482967,-2.97985345807786,0
-1.93868440264292,-1.96395175291766,0
-2.15500083070908,-2.42880914725504,0
-1.29290872090932,-1.54803113513034,0
-2.56174537478544,-1.95439491235956,0
-2.27376937811321,-2.97552724698387,0
-2.88608336916571,-2.84731386073611,0
-1.93169153158284,-2.18008164468575,0
-2.69465428656626,-2.46653194878404,0
-1.48323496768483,-1.54898945833769,0
-1.75402212793205,-2.14006821773335,0
-2.77770400096046,-2.72140476469882,0
-2.54304868458596,-2.26037722236777,0
-2.13071030812937,-2.08654952134125,0
-2.7049407720262,-2.63789370811074,0
-2.79680306094416,-2.50765915689386,0
-2.23302751282277,-2.18038153634799,0
-1.4791269922273,-1.78951745419277,0
-2.63154249246794,-2.31900404653162,0
-1.4854604115563,-1.44191440728894,0
-1.96359408370864,-1.87492689309802,0
-1.69612473320767,-1.55694250475979,0
-1.06042940321325,-1.20715291093983,0
-1.13000830166042,-1.0769956433099,0
-1.40538161420933,-1.85148385219964,0
-1.72494455139297,-1.86149357952506,0
-3.54181192902247,-3.52106814005364,0
-2.93259126700212,-2.69637471259518,0
-1.59029807305198,-1.734855506898,0
-1.92934451467692,-2.02969471536341,0
-0.643888380971828,-0.990841349583433,0
-1.48417113624724,-1.72189958432595,0
-0.802379916773581,-0.468596018693334,0
-1.26343539594283,-1.27095188726506,0
-1.9807266481221,-1.87540431581867,0
-2.1618016461538,-2.68221489601713,0
-2.08420609715532,-2.62310197711948,0
-2.81779077706186,-3.17962925546888,0
-1.28973693246849,-1.48216449201076,0
-2.2415964873987,-2.30522505475703,0
-3.20977723323833,-3.0078426513092,0
-2.54565455646764,-2.31681352326554,0
-1.81944303847037,-1.80590955477648,0
-3.1683691692331,-2.81323265663739,0
-1.91837788922794,-1.67574791275907,0
-2.61518514432164,-2.42710161710707,0
-1.65856259079347,-2.24256554476802,0
-2.74711643472224,-2.7088970459387,0
-2.1627764875843,-2.24110648956222,0
-2.43038520512737,-2.10328387074425,0
-1.90641321391047,-2.04923887641189,0
-1.75391829364613,-2.00094386158075,0
-1.77367331663579,-1.47881031821668,0
-1.61137457134415,-1.68179730754,0
-2.52234706444019,-2.04636649268135,0
-1.88173442094618,-1.59333138304573,0
-3.59945135245789,-3.32010805275709,0
-2.2936404628495,-2.4929012601222,0
-2.94188034873161,-2.84256455004682,0
-2.1164106650032,-1.94915263710039,0
-2.24696169837475,-2.43147945028692,0
-0.454662924237415,-0.458131804760261,0
-2.22357555946248,-2.02978157740554,0
-2.80768946715655,-2.68975240237436,0
-2.25968311051148,-2.37953258969824,0
-1.88393046964969,-1.8909561511765,0
-2.4216264026475,-1.97703058294533,0
-1.72915557738328,-1.9341266707473,0
-2.06283181635825,-2.10907791267793,0
-2.5350364270911,-2.73179032423949,0
-3.16430680402406,-3.18090844724329,0
-2.51416817127854,-2.78211338737762,0
-3.1232709254765,-3.00826457557234,0
-1.98335530557515,-1.75266323075384,0
-2.01680636693003,-1.96584479973436,0
-1.83594085141004,-2.06737924988958,0
-1.6549431459772,-1.90983583233531,0
-2.09003582354097,-2.04378537573808,0
-1.87765740501902,-1.86137571498941,0
-2.08127885550458,-2.00638647968887,0
0.0758678374196525,-0.0296581634675459,0
-1.95470720241175,-1.63183472268226,0
-2.32125594836733,-2.12576957858582,0
-1.47216484078652,-1.97170659989337,0
-1.55017257243768,-2.13165929128919,0
-2.11129822173048,-1.99899830567513,0
-2.56373844909165,-2.41451405055936,0
-1.44549988567124,-1.29623737041358,0
-3.16979773054333,-2.91912445203062,0
-1.93445854751632,-1.97797015021802,0
-2.01309506503718,-1.7515020621227,0
-1.83537187026377,-2.05358000995546,0
-1.98190518587945,-1.97771571079444,0
-0.70425983032235,-0.872415516648351,0
-1.48194509717255,-1.7295524264547,0
-2.77546791713113,-2.74070653546802,0
-2.15361668771672,-1.63549884502567,0
-2.65740924879462,-2.52403446002507,0
-2.02626427748499,-2.36477849163894,0
-2.39755303718013,-1.99008174030108,0
-3.02574974980114,-2.77411419365242,0
-1.48936444637881,-1.90914415796249,0
-0.0821050436165878,-0.225609493221545,0
-2.53644087243803,-2.77877977540628,0
-2.12037930425291,-1.98983179993305,0
-2.11379195475305,-1.93413505169522,0
-0.760243544291147,-1.06416507288183,0
-1.55537162820218,-1.68652682613097,0
-1.94819471335254,-1.81005676880027,0
-2.698040916658,-2.68808563437331,0
-2.32868818032927,-2.07504712141532,0
-1.59825448804637,-1.48242936735102,0
-1.29710539265176,-1.35412485539651,0
-2.75835100237165,-3.03717381097023,0
-2.28897971661258,-2.09302693098941,0
-1.70727901760184,-2.04785663693899,0
-2.04216788316241,-1.75713106733305,0
-2.23151172549177,-2.34794654521191,0
-0.993688600226178,-0.730996705728019,0
-1.78587741371708,-1.81128222774991,0
-1.84616690949722,-1.95131081520142,0
-0.270242776733591,-0.306422177941398,0
-0.758759122663012,-0.955554316423525,0
-2.91544243751014,-2.6551743546475,0
-3.07222022880687,-2.83598032304769,0
-2.01387337310136,-2.43378445026385,0
-2.00170657958228,-2.08748721878478,0
-1.86481300286571,-2.14292491247781,0
-1.7159582828571,-2.19875011436029,0
-1.76356577959882,-1.94788162904758,0
-2.13348453112929,-1.87084124269915,0
-2.28310281471178,-2.36429332968939,0
-2.07582184206588,-2.02971154362583,0
-2.07103801331151,-2.32548353366115,0
-1.96834933652851,-2.08821211396717,0
-2.91596646091347,-2.40092963674344,0
-1.67545664219242,-2.6695540064247,0
-2.23625105184517,-2.31770424123837,0
-2.08479359444326,-2.33472012804411,0
-2.59837290175279,-2.34303421072881,0
-1.23938213750253,-1.16997130865314,0
-2.16150946916026,-2.53988473975654,0
-2.03767585218061,-2.44047263119653,0
-2.36822246735937,-2.04705997600865,0
-2.90115068785877,-2.98570261788004,0
-2.19458515119795,-1.87539273318054,0
-2.4545140066755,-2.02566396809226,0
-2.02579614469821,-1.99883792536768,0
-1.44619978977721,-1.64875265016662,0
-1.79475105838248,-1.51478748412908,0
-1.5127028507141,-1.3097002805158,0
-2.1395572185062,-2.25882017776912,0
-1.37738872722184,-1.20535169967209,0
-1.04425867281661,-1.14519532048507,0
-0.790568112552503,-0.514907054250335,0
-1.14919595654078,-1.56462318360068,0
-2.19819710765481,-2.08561418419224,0
-3.26073291023651,-3.19850063307298,0
-2.68482790228684,-2.57790147878929,0
-2.16957185644441,-2.52202709177776,0
-1.98580065900365,-1.93993937353981,0
-0.944587202311858,-1.46676433139595,0
-1.74221648313757,-1.87420533419604,0
-0.452017361833559,-0.107170735327829,0
-2.72128457989239,-2.42114805395764,0
-2.7395531629857,-2.82042513080343,0
-1.56566650507757,-2.06572550762274,0
-2.03064109087975,-2.3195016976539,0
-2.98063406915616,-3.34970522234805,0
-1.3010889516254,-1.55270009677687,0
-2.18417184074652,-2.14139484527627,0
-3.04666891248762,-2.6919364539948,0
-2.60976519722928,-2.48003386850569,0
-2.35085955272811,-2.25295832969571,0
-2.86122191063301,-2.18691466748447,0
-2.49375362136013,-1.85541208559162,0
-3.26301317870219,-2.91905857597424,0
-1.96112249861214,-2.60847317300216,0
-2.89931527506517,-3.13701174016872,0
-3.10530230142953,-3.33824077494026,0
-1.6131043823034,-1.29513250526415,0
-1.15494513491052,-1.44689925905044,0
-1.43721300225327,-1.78457714868778,0
-2.62923559207813,-2.42275488676808,0
-1.43468021700888,-1.60860141278214,0
-2.13329843596739,-1.95439469404277,0
-2.13409853805839,-2.17345184541351,0
-2.85999135620427,-2.75608617299991,0
-2.68145850158436,-2.725854371957,0
-1.96507778473007,-2.19531524601694,0
-2.50900524601513,-2.13621380606593,0
-2.57829580021937,-2.70848885360301,0
-2.04592814094981,-1.90770826859012,0
-2.5371223795742,-2.12775015212769,0
-2.92017811282674,-2.9233406627927,0
-2.77693469769765,-2.41771202860254,0
-1.82794359745119,-2.02859327907427,0
-1.95846987738711,-1.70510306529432,0
-1.68983630902191,-1.85585766698438,0
-1.75405710791485,-1.70457370156481,0
-2.68627504449161,-3.05876300967249,0
-2.41512456361766,-2.7614152876881,0
-2.44788869893258,-2.52383717151622,0
-3.58812909494347,-3.55832996891846,0
-1.93098310219393,-1.59064255684079,0
-2.77472173765244,-2.46233315616323,0
-1.71036256786953,-2.0010905239577,0
-1.66842010005834,-2.0489359415753,0
-2.0493643062678,-1.96074144774367,0
-2.02141043060227,-1.98988082039854,0
-2.62704343009165,-2.12024219221438,0
-0.501159203364337,-0.513177666009049,0
-2.8139710921995,-2.90343249319011,0
-2.60669864549706,-2.45263299450978,0
-1.87784773732621,-2.30635874293119,0
-2.05020592578493,-2.43594822736958,0
-2.350543153063,-2.37955103848453,0
-2.90953662900577,-2.79767204492487,0
-1.83732488003646,-1.72175802338545,0
-3.17545520580806,-3.00228598131074,0
-2.68617538990984,-2.59273103204246,0
-2.00776989541408,-1.93105364477595,0
-2.49435573471957,-2.55134631917228,0
-2.89859429873208,-2.29128435858989,0
-0.495828334127013,-0.582915322157329,0
-1.70354682732033,-1.63914245951982,0
-2.59379828389998,-2.43589894156998,0
-0.940170785597608,-0.8296431893575,0
-2.49709994034313,-1.99755482848947,0
-2.55636864916142,-2.46182097059573,0
-2.37311331239131,-2.09382793455055,0
-3.76977451830146,-3.16707496839176,0
-2.14882890051852,-2.5136750227245,0
-1.0741300652321,-0.975237115480839,0
-2.7842476608849,-3.06050319754954,0
-2.30812954218437,-2.2854693108362,0
-1.73316101359421,-1.55569457143919,0
-0.829434232661002,-1.01461766432881,0
-2.16321653031124,-2.25516312989364,0
-2.00346517339913,-2.1892203442507,0
-2.88670230027284,-2.7280349633126,0
-2.66472450763655,-2.51640608305685,0
-1.51661809493035,-1.42133160723182,0
-2.17849612568111,-2.05218632012407,0
-2.85295704781838,-3.1456799566907,0
-2.51855128886359,-2.54411131061157,0
-1.75326976740441,-1.95620610275543,0
-2.15122287542125,-1.94946600266345,0
-2.25579392021459,-2.54428960758287,0
-1.15183196832017,-0.818805618022291,0
-2.96735885506155,-3.11972722361394,0
-1.69766712543808,-1.46276318366093,0
-1.13317004647761,-0.845310419072229,0
-1.02706614602626,-1.0982063801564,0
-2.9169771394475,-2.66599733355021,0
-3.07192797710897,-2.92587138134206,0
-2.09590345083943,-2.58613820518885,0
-2.55563179497948,-2.59663735072248,0
-2.20532762659429,-2.31976461221666,0
-1.52156443757643,-1.54971400533076,0
-2.49690708258056,-2.65505800848551,0
-2.18429763275661,-1.8340826207759,0
-1.86596816162386,-1.50820865646517,0
-2.56183665591535,-2.26911800562505,0
-2.18336131958662,-2.38026629231055,0
-2.08139654531823,-2.37822497924225,0
-3.08769582126723,-2.69525574461449,0
-1.10509842994268,-2.16045286129425,0
-2.0671861762848,-2.1121888233303,0
-1.81253992865872,-1.95645789410959,0
-1.77462772713048,-2.31352330084895,0
-2.14142678778402,-1.92975345437281,0
-2.88353468153747,-3.06519517484915,0
-1.83345656222867,-2.33738091866062,0
-3.42939020148429,-3.3037120619843,0
-2.91475408171526,-3.17841241860646,0
-2.70581814551936,-2.46897073482692,0
-2.34607937572304,-1.94541203246769,0
-2.14598996916355,-2.19592725107876,0
-1.54970862848145,-1.64432616772792,0
-1.39597015556342,-1.15416797841057,0
-1.8545805335675,-1.47394945773719,0
-1.82358890224649,-1.89110878708975,0
-1.81346086780577,-1.4699908748074,0
-1.54826951190609,-1.56916915145733,0
-1.70450756909695,-1.24083587377836,0
-1.05299123908609,-1.75148467122818,0
-3.20010062534994,-2.86245214760592,0
-2.88621999036943,-2.74557799288778,0
-2.12382012769383,-2.24490172830494,0
-2.53501613636653,-3.13130687973506,0
-2.37878662134178,-2.32804417392588,0
-0.62772493598129,-1.02268628518261,0
-2.82948518927245,-2.82634905038951,0
-0.444111081809646,-0.11400536742559,0
-3.281277006676,-3.14200106012149,0
-2.85540753003291,-3.11680082814041,0
-2.05084014570004,-2.17004414142199,0
-2.63356415056915,-2.68620213343269,0
-2.82025736814792,-3.18669095022767,0
-2.16001588337559,-2.17759500185916,0
-1.9159200656316,-1.97164475506434,0
-3.49036801154608,-3.43214568934641,0
-3.09569994832144,-3.38976722356774,0
-2.52424437069445,-2.18821099909108,0
-3.22374858239056,-2.82155216837789,0
-2.29535660582206,-1.67543511428526,0
-3.20283864924238,-2.73990412404321,0
-2.76314728118064,-3.4010938776067,0
-2.53781402847173,-2.78340190252703,0
-2.68845263816345,-2.8033909862961,0
-2.07584740666343,-1.91970819316865,0
0.352602486592692,0.119073363165838,0
0.597977926144985,0.742072188847591,0
-1.03285738552866,-0.711732408025966,0
-1.29892280258938,-1.30193001945142,0
-0.174537331739046,-0.226908009698592,0
-1.4595602658357,-0.913913251527092,0
-0.813344252318584,-0.900312853554676,0
-1.06667668366025,-1.10576338692251,0
-1.74381390489374,-1.85852792057398,0
-0.706367951875172,-0.850692402849771,0
-1.18298256257421,-1.2904944908934,0
0.0127515165729576,-0.061735089180161,0
-1.58901406733633,-1.7136371958564,0
0.212076680141431,0.240239605317281,0
-0.864081702733302,-1.01897513463833,0
-0.817584827700818,-0.808565426193795,0
-0.239318196146469,-0.36163650139986,0
-0.553578712384251,-0.554801041853298,0
-0.552265068640905,-0.658787191505973,0
-0.529572227174303,-0.942961021047841,0
-0.900381515079092,-0.896701984210912,0
-1.1643363213496,-1.23471088433177,0
-0.718124601175104,-0.750141397331125,0
0.24315273405653,0.262188763174571,0
-0.599272770249585,-0.840581425808858,0
-0.545924313959175,-0.730870872931917,0
-1.60154528314081,-1.83154441277664,0
-0.936786281330436,-1.06605004980726,0
-0.575741645235308,-0.713590517261728,0
0.914793530300397,0.170827923729428,0
-0.0569949511726505,-0.00736524001564841,0
-0.666612562818769,-1.11005850221135,0
-0.229800986083628,0.23477521460581,0
-0.584371923766581,-0.544593272240969,0
-0.989883878822945,-0.650068845122032,0
-1.18542400872033,-1.29260093667217,0
-0.386449966092312,-0.606713559567983,0
-0.411174923275176,-0.445524290373048,0
0.427048852949293,0.128919635391495,0
-0.786601212700349,-0.639808180200934,0
-0.81185978788423,-0.915203802309981,0
-0.241781155142349,-0.527245366139331,0
-0.708335163994732,-0.703760637414422,0
0.0057961007075471,-0.239715249969788,0
-1.18354192313225,-1.03361801008416,0
0.279852782533054,0.54528653921667,0
0.648942993052853,0.473038334102549,0
0.410166368005045,0.521859550219582,0
0.350285979025453,-0.376880398832142,0
-0.283892117665189,-0.789969226076431,0
-0.00537728421714451,0.0242233926315441,0
-1.31354521770072,-1.67433586389092,0
-0.97055528751733,-1.23107054465966,0
-0.183105339104744,-0.0625515318299337,0
-0.497844775205905,-0.325671610809154,0
-0.15409825357821,-0.291827416246278,0
-1.93415121938606,-1.71408048438554,0
-0.946726255667025,-0.976156181587689,0
-1.46120555642675,-1.69925000375499,0
-0.00650949441837118,0.109268627016035,0
-0.205028091792975,-0.232737072154434,0
0.792794859407291,0.726576545456145,0
0.635025251970531,0.71849927719862,0
-0.484013209623212,-0.389081602452136,0
-1.07351670708274,-0.86912502005095,0
-1.13839741557205,-0.870752759977864,0
-1.56237860559912,-1.84833566141466,0
-0.46878538789143,-0.388496345799472,0
-0.438054002868971,-0.291526815161508,0
-0.115819232757535,-0.186101089740597,0
-0.740703484452031,-0.748616538920836,0
-0.444176648454262,-0.591564147908366,0
-1.05294079039734,-1.0065494635873,0
-1.03657531201109,-1.12092970087584,0
0.864979244691455,0.675867027788533,0
-0.64021317674104,-0.511752080972917,0
-0.685843530675041,-0.413751736810984,0
-0.306546696018635,-0.399072726695042,0
0.415259970705051,0.382812161698228,0
-2.4713207414908,-2.21288362692631,0
-1.58066681244439,-1.2524057334899,0
0.380563772543643,0.349768901828795,0
-1.05142643376475,-0.653671007275467,0
-0.0780353910065514,-0.2328591218754,0
-1.03060112954276,-0.449090405169142,0
-0.210501235494463,-0.271075223375398,0
-0.593974862966604,-0.757723632260881,0
-0.582659111907071,-0.38164620661348,0
-1.45345810737747,-1.46621831263818,0
-0.668887558604682,-0.861338534674505,0
0.312152071742442,-0.0778028258771011,0
0.202534242420826,0.105664861569742,0
0.949468677760851,0.713642539031693,0
-0.495664296560162,-0.371577333015025,0
-0.26403753205673,0.126433513378526,0
0.223801891017429,-0.137004801522534,0
-0.528541603972907,-0.646983452236556,0
-0.158842538184798,-0.0753903962682993,0
-0.305415392220753,-0.454728723280238,0
0.544465294487564,0.632159032571962,0
-1.19782498908296,-1.12407332532709,0
1.21718550704184,0.922077920795089,0
-0.641132945616148,-0.583259296163726,0
-1.49320177071437,-1.46462431247429,0
-1.03218534132778,-1.41548478983329,0
-0.285725078844322,-0.809260162530259,0
-0.249809335756208,-0.225482490717889,0
-0.288772243791209,-0.292959306834183,0
-0.216408389506292,-0.426550874753535,0
-0.105374049181112,-0.173875248118724,0
-1.4475059489783,-1.19051547172328,0
-0.454433274759704,-0.779758020350484,0
-1.39640883610515,-1.17671574840077,0
1.12289073799953,0.904409192406912,0
-0.63233185242391,-0.343577799884676,0
-0.718956982169627,-0.518463297393529,0
-0.563196116433969,-0.518090319851661,0
-0.890997996108777,-0.749718450992665,0
-0.0341144488234713,-0.139282512146803,0
-0.74611459594459,-0.917721480088887,0
-1.69066052937437,-0.88596787863742,0
0.499214842447186,0.396418655525472,0
-1.09727826529685,-1.19133033055784,0
-0.391382642871973,-0.71233169311788,0
-0.329860881989472,-0.5796106591155,0
0.244023742485881,0.268436232655305,0
0.334666756546765,0.175684740007615,0
-0.337921890386679,-0.357643883572859,0
-0.71358074263727,-0.537116407475978,0
-0.64429042696805,-0.597867077272657,0
0.149722217806123,-0.0141888825821798,0
0.627840586417486,0.617044992292314,0
-0.327235760323512,-0.446382583506173,0
-1.49946926882886,-1.5715178196703,0
-1.17125069450472,-1.09392850791457,0
-0.0823448985416004,-0.0728702971147679,0
-1.05046889748301,-0.819025367877001,0
-1.47084585396018,-1.50103399654122,0
-0.775239561153876,-0.950633273344508,0
-1.97733436561015,-2.00311400556714,0
-0.847039380477713,-1.15995956516747,0
-1.48536179618429,-1.43574814646482,0
-1.13103074644297,-1.26426551823591,0
-1.13996099678575,-1.29043171353149,0
0.141862090270938,0.0798961905575042,0
-0.899758893789302,-0.880396117319392,0
-1.2396205051388,-1.16365971730964,0
-0.505417980985095,-0.568516508030061,0
-0.366943908976798,-0.410851289242727,0
-0.544530678688484,-0.629257501301257,0
-0.224495529128201,-0.744408769348042,0
-0.887014896776028,-0.870614386771063,0
-1.38901051352767,-1.37311469910687,0
-1.14157405484477,-1.1428514384448,0
0.345643321711903,0.321096050618005,0
-0.744019323723408,-1.27596738908909,0
-0.476170813842245,-0.612041070291246,0
-1.30193692448699,-1.2706297541909,0
-0.301663717359197,-0.336098197124732,0
-0.701735227192229,-0.955512502877353,0
0.381518610875899,0.00781190001744203,0
-0.700032056049691,-0.448083083927462,0
-0.550703899438304,-1.06726152785937,0
-0.0275829616976517,0.53035434594902,0
-0.383938910295901,-0.364632022937341,0
-0.217333714463677,0.311894888570102,0
-2.07039544960858,-1.86832500304805,0
-0.201384609846045,-0.660272277315895,0
-1.10821745160754,-1.11032309009049,0
0.874211286975413,0.665591575452947,0
-0.401343382011409,-0.192386160103848,0
-0.817895931278399,-0.7808432314981,0
-0.431699960756621,-0.711217257052445,0
-0.541504254692856,-0.490415448338179,0
0.0176733528158757,-0.24845848788396,0
-0.874372281919199,-0.694773448475196,0
-0.0339798905077684,0.153193794634041,0
-0.401676753304526,-0.551776205841865,0
-0.213997848206233,-0.132057537407572,0
0.701794786323402,-0.539118317286873,0
-0.0512871280732325,-0.311391226715194,0
-0.658283309009067,-0.736068476026202,0
-0.507770077799718,-0.96210364915051,0
-0.791774103543042,-1.16689617418309,0
-0.197773344205359,-0.0474183833042048,0
-0.0700414999761938,-0.189517927163144,0
-0.192822744940444,-0.301759102091002,0
-0.92719042372073,-0.736744845348373,0
-0.422562916226652,-0.478068650220612,0
-1.27653737655338,-1.52491022015788,0
-0.511723110465384,-0.288992313607762,0
-0.00364138535465092,-0.32839042974975,0
1.15189843730422,0.931643658466188,0
0.907912497103483,0.758156309332579,0
-0.356526910680285,-0.270943950941001,0
-1.43091473860908,-1.5882579900928,0
-0.832873632684534,-0.383488835852919,0
-1.46842951274501,-1.6387656682888,0
-0.546055208477297,-0.303744125468513,0
-0.947652999894025,-0.679450119958341,0
-0.635166139066441,-0.738900113291247,0
-1.44538162404872,-1.47061818153655,0
0.0869688879032509,0.110373517844436,0
-0.928527402519091,-0.811718024508411,0
-1.10792571911459,-1.11673749110657,0
0.210032715507866,0.153077574197739,0
-1.21646422127961,-0.828233144591199,0
-0.545785449428268,-0.0443085321630143,0
-0.733369116007675,-0.502606873323641,0
-0.0115507627979291,0.0620580041307086,0
-1.73591149556388,-1.42079898074591,0
-1.29625022920081,-0.868327468259478,0
0.413194775999975,0.240585027663989,0
-1.02394171812145,-0.743622542597241,0
-0.962912245434154,-0.96406003801888,0
-1.09326419082435,-1.53387587587049,0
-0.363617953606644,-0.54684486699913,0
-0.642087787191348,-0.795131662747464,0
-1.21109347682406,-1.11144732103115,0
-1.63587222823252,-1.274244820826,0
-0.948616190594265,-1.02676862466043,0
-0.864628942264725,-1.107283713782,0
0.283736768941843,0.350433450862405,0
0.829492225133975,0.62804415265808,0
-0.0184432205127373,0.00119385449922629,0
0.120175053884949,0.642522441838158,0
0.647434243770854,0.144102051239929,0
-0.170786655269341,-0.27647127707281,0
-0.201074612943277,-0.0517607128382194,0
-0.332538392614336,-0.338334412445214,0
0.118075721124681,0.192144104489272,0
-0.973536085656996,-0.866478678895816,0
0.827945923122646,0.497626397951783,0
-0.870798857243458,-0.823781309747883,0
-1.45219290474794,-1.3045425006026,0
-0.515846139403999,-0.509176161776959,0
-0.565909669733424,-0.907261143264774,0
-0.764208900235759,-0.823415840447258,0
0.0789820983483223,0.00600137639487239,0
-0.121058003896715,-0.386911412225547,0
-0.120801877139,-0.298408620138311,0
-1.45023516561095,-1.22398938631048,0
-0.583584670147127,-0.887316062138527,0
-1.20593262624107,-1.0088756071729,0
0.771143162288084,0.589586623035527,0
-0.471541590145628,0.138329099383617,0
-0.860588049673009,-0.511654312027106,0
-0.426951449221358,-0.352312495391256,0
-0.496851851371001,-0.632652339446242,0
-0.0590604226842117,0.119456351362773,0
-0.710256255113821,-0.874050151021668,0
-1.2297778184178,-0.426233462099285,0
0.34484325556874,0.322142039873592,0
-0.877812594960841,-0.768555733345684,0
-0.26078212888737,-0.608242027606964,0
-0.824117702294121,-1.00105154250176,0
0.44905116276682,0.460741563322623,0
0.402571839993026,0.223875449514217,0
-0.149413113906462,-0.125585373768799,0
-1.03778166508968,-0.813213029310446,0
-1.03949923800978,-0.798805358094739,0
-0.132226519942703,0.0114592949527899,0
0.702401520579204,0.961867593768036,0
-0.801951752025719,-1.18453240846898,0
-1.10610449710384,-1.3066657942745,0
-1.67856888888247,-1.62355152090315,0
0.0985579070173513,-0.0703539034329302,0
-1.06696263869989,-1.00381308346305,0
-1.09032958085347,-1.04133252760596,0
-1.60334737055154,-1.6298975059326,0
-1.98841725184874,-1.87976320574205,0
-1.64860856355004,-2.1127095041708,0
-2.05110650115731,-1.89493670796306,0
-2.61205472778478,-2.77078883681578,0
-1.38255703891407,-1.56260887943037,0
-0.114923945626334,-0.0540519693860349,0
-1.81445126657859,-1.71467411122597,0
-1.83024043387318,-1.59887613393814,0
-1.08707420966392,-1.11110385513561,0
-0.66498479538239,-0.653599521516443,0
-0.696265777687452,-0.777111601925091,0
-1.40683155948931,-1.41973177238119,0
-1.08137692614183,-1.04101604522878,0
-1.61394778160577,-1.45697241887932,0
-1.7375444215596,-1.73760970886526,0
-1.117836516135,-1.21357848143306,0
-1.59830804537715,-1.87570327200358,0
-0.685551785555712,-0.855564122001389,0
-1.88902828625694,-1.8549390036035,0
-1.1522007409965,-0.805146650884881,0
-2.24161869005442,-2.17986359054019,0
-1.1583900431889,-0.718731424500024,0
-1.64821269240826,-1.34206914874268,0
-1.34313460988354,-1.72807701462615,0
-0.384857921462796,0.149917977435648,0
-0.32796487455892,-0.323583525909761,0
-0.315118923019501,0.333098030884121,0
-2.41431324740845,-2.01894007719041,0
-1.38503319275031,-1.72972104356712,0
-0.956205166111705,-0.89807235261088,0
-0.451509311656517,-0.721353850952589,0
-0.664675765126497,-0.444939602236963,0
-2.29180916762554,-2.54125471154133,0
-1.00270294890839,-0.86367690040965,0
-0.886240674439064,-0.691313636292841,0
-0.103461605500695,-0.274080960991942,0
-0.611628204086587,-0.446850529312636,0
-1.25705083826451,-1.03935146581893,0
-1.92268673503438,-1.64052404745869,0
-1.11997504024906,-0.95434208395144,0
0.498044589324722,-1.01558593358857,0
-1.33248671464588,-0.951725963097257,0
-0.421251974534432,-0.638210911446984,0
-1.58607763515989,-1.81915665215021,0
-0.568404201333888,-1.27872872070695,0
-1.50157073435039,-1.17126885270374,0
0.00839333187924907,-0.430506488798524,0
-0.12902428126608,-0.0951445755389574,0
-1.80603496738238,-1.38522197435209,0
-1.14077157220744,-1.02342066418509,0
-1.23019423925979,-1.43008494283594,0
-0.542002838177866,-0.290476865042044,0
-0.922077392301654,-1.23601577026454,0
0.805342047367038,0.606090747064481,0
-0.911817425658842,-1.26166107004007,0
-0.40470561171099,-0.335074698498946,0
-1.77160151518691,-2.51051323795422,0
-0.585911884482707,-0.232961936390887,0
-1.54175167528406,-1.72125618684625,0
-0.693081466535908,-0.580073098900865,0
-1.63320165703166,-1.31884828014699,0
-1.03640260837916,-1.05612909606373,0
-1.44407612287686,-1.48452215049048,0
-0.753350942120862,-0.727526041225989,0
-1.20698097149543,-1.13039658086397,0
-1.04449684632254,-0.976134915236801,0
0.116117332265285,0.160250054160458,0
-2.31007768211054,-1.81620303452271,0
-2.19555676940353,-1.97335025150627,0
-1.73188896716013,-1.88066606691916,0
-1.67622318306466,-1.44782876036679,0
-1.62324376484574,-1.38863504691803,0
-1.40094106221029,-0.904378958724761,0
-0.550709250954921,-0.596570489406133,0
-1.57249328724035,-1.29586577840583,0
-1.33238977983316,-1.24101119071498,0
-1.230664593891,-2.15699420873548,0
-0.929726663154386,-1.21731067322725,0
-0.772202692260348,-0.781162257905927,0
-0.932572273145589,-0.965912074636462,0
-1.61775545093338,-1.48373988188594,0
-0.901846902411187,-0.812446028497255,0
-1.1631682999434,-1.18315158508588,0
-0.182655604314811,-0.171156118611285,0
-0.409274808142927,-0.245371498971072,0
-0.391701959404172,-0.385085790794988,0
-0.295373967461685,0.17706142015926,0
-0.292283965192284,-0.759736327059274,0
-0.309615472239777,-0.424353406127413,0
-0.645607789178578,-0.398934724521524,0
-0.718050654015084,-0.601907145169501,0
-0.367584612204393,-0.345606748902467,0
-0.991215134166297,-0.89586436295121,0
-0.544142858730246,-0.374851579533746,0
-1.56568206830112,-1.48512415743184,0
-2.31270904342772,-2.00609381500252,0
-0.905753280916986,-0.684864211111117,0
-1.4006799653972,-1.34984668853219,0
-1.53023493113267,-1.42823256689508,0
-0.577512704661748,-0.72600888026367,0
-0.696482049672234,-0.971958251018732,0
0.429175466824894,-0.129301024022267,0
-1.41122227200591,-1.18319471245733,0
-1.40492538449086,-1.66628280784452,0
-2.00876637754583,-1.56112946355238,0
0.215453833834425,0.186888040291354,0
-1.55569842412348,-1.07335374350541,0
-2.61841102090384,-2.2833304659694,0
-0.34984797701422,-0.335621583173258,0
-0.518858803590302,-0.586492677424854,0
-0.425744343729695,-0.173125351607504,0
-1.11432485457396,-1.14403183940577,0
-1.91412916244962,-0.987783945116008,0
-0.00555066959822179,-0.000868684124214814,0
-2.00292796178805,-1.63741905183594,0
-0.202633919028456,-0.488669094431371,0
-1.24194319123349,-1.29172517159653,0
0.528298377538321,0.391177251389303,0
-0.0224067349512393,-0.210719892827335,0
-0.52084388488387,-0.444745959773282,0
-1.59297618624983,-1.31019525735822,0
-1.05341173372546,-0.884720681905631,0
-0.737542867045981,-0.412066178508785,0
0.540308598142718,0.411574584533755,0
-1.66304418046909,-2.29600831875525,0
-0.782576848878348,-1.04333801282036,0
-1.94613420506564,-1.72162266804701,0
0.192163452114143,-0.370808305001348,0
-1.5252583898111,-1.9866522394747,0
-0.414776731807212,-0.420324224308713,0
-2.093866836815,-1.71432075247977,0
-1.3201812828266,-1.31434725109699,0
-1.79671592451617,-2.15549090344461,0
-2.86551662039149,-2.47024576593438,0
-3.53648896493826,-3.39155708221688,0
-1.47191282971648,-1.54036202528376,0
-0.980629641115726,-0.8872402568275,0
-1.41838956719435,-1.31819744549549,0
-1.76562768519973,-1.98022366639633,0
-1.00032850675952,-1.10727959947394,0
-1.4914924595187,-1.31700435377251,0
-1.03580150870829,-0.93428253284014,0
-2.15076541516855,-1.94873488938597,0
-1.77780131794831,-1.61259598333344,0
-1.56618310391398,-1.19709181037002,0
-2.08880202245939,-1.93870294282381,0
-1.62818998077456,-1.67216382006523,0
-1.50062846311448,-1.28630777008947,0
-1.25373077295236,-1.51467821756953,0
-1.38638262023169,-1.74303017745056,0
-1.59689461558209,-1.09694880228214,0
-1.8742830817617,-1.66989650482488,0
-1.61205812083911,-0.784779759195519,0
-1.80221292288582,-1.86218283727902,0
-0.473076412556014,-0.685998411142189,0
-0.0818717274102148,0.143570243367724,0
-0.573614621187619,-0.24071501540723,0
-0.57048062597206,0.0739725039160931,0
-1.82481741924241,-1.90086433525253,0
-1.15765632750308,-0.986067281634046,0
-1.60817384683787,-1.34152269031885,0
-0.742427066175718,-1.18131149625489,0
-1.52835617952183,-1.31449058936213,0
-1.17491594576292,-1.69101551989754,0
-1.65540847754177,-0.959061846616512,0
-1.73277121286111,-1.15409544697185,0
-0.602065844337723,-0.333332213779311,0
-0.319284857931156,-0.160522075220656,0
-0.997410331938336,-0.594574409083307,0
0.0568340975167759,-0.314969323521639,0
-1.83748762183077,-1.36610140393358,0
-0.462578945769418,-1.09797976433101,0
-1.32334479522637,-1.02160571467876,0
-0.134607617612338,-0.278124089387798,0
-1.79978262808246,-1.43765443589014,0
-2.26127544187553,-2.28192994012641,0
-1.23657062344719,-1.19516803029849,0
-0.851747464716384,-1.12799988907368,0
-0.826816330883752,-0.764264156639927,0
-0.78902992951198,-0.849961983209593,0
-1.04623827718836,-1.18072938189304,0
-0.495532521208242,-0.357454926011374,0
-0.904527978412274,-0.542598474119307,0
-2.14219190388135,-2.11334769538315,0
-0.632241219764389,-0.497501993908099,0
-2.08950011194062,-2.07861647137874,0
-1.17755017959093,-1.02641377162846,0
-2.00726557835845,-1.83350869342745,0
-0.692155176967024,-0.576027600648282,0
-0.899568331455025,-1.51512957506103,0
-1.73034307067791,-2.09565399854448,0
-1.84155831097328,-1.74438734678903,0
-2.36694821607531,-2.07049704781867,0
-1.04941389789239,-0.730479085534694,0
-1.86102017635253,-2.08434555626924,0
-0.924060112539172,-1.2725307380865,0
-0.736063058684022,-0.877245731892471,0
0.156347445789424,0.0385780618961717,0
-1.34679883076672,-0.994570038236324,0
-2.01339301770855,-1.69968611225438,0
-0.227722491094127,-0.495206333665523,0
-1.47361192556219,-0.905132958239075,0
-1.72286312934674,-1.43736398278963,0
-1.83298777777895,-1.66316269101113,0
-1.12637641418922,-0.743762269277963,0
-1.82583739949769,-1.36219243495679,0
-1.34203257917602,-1.48094902678681,0
-1.18525070708383,-1.54155051675614,0
-1.12718697086477,-1.2262046327789,0
-0.633297400804815,-0.531704110485445,0
-0.167020046696068,-0.292624511347178,0
-1.78555365136833,-1.66342301788167,0
-1.1666810011638,-1.58689262718903,0
-1.28926248765821,-1.6816765976014,0
-1.20731588361147,-1.25695371943653,0
-1.04796063624331,-0.790051671965284,0
-0.628975957623191,-0.874263546347645,0
-0.867308078976398,-0.60923131027105,0
-1.34193496503213,-1.19807470917678,0
-1.07764399801256,-1.01027204787888,0
-2.06351977143358,-1.31673715765464,0
-0.588957427468906,-0.38487392635158,0
-1.13405394651432,-1.15512089947719,0
-0.683430844468689,-0.896882518901842,0
-0.346223657877528,0.0668831551384868,0
-1.86221400450354,-1.20370744580807,0
-2.18356789622497,-2.02187495236017,0
-0.765148241366272,-0.504688682254737,0
-1.75247795854401,-1.41903879608829,0
-1.69155506021727,-1.54810783765713,0
-1.33742293592211,-1.39257889350211,0
-0.717101738025257,-0.744428484836055,0
-0.615417161682211,-1.04841172995811,0
-1.75567066921948,-1.38704810197259,0
-1.0831730667086,-1.08933320283331,0
-1.85833961228592,-1.66364299418443,0
-0.448800958408808,-0.330503241174395,0
-1.22270745140578,-1.26578386813182,0
-0.98109422824539,-1.25043119545787,0
-1.62215749453185,-1.58424879623632,0
-1.35780974803626,-1.00333566354925,0
-0.923973433813871,-0.947946672031253,0
-1.18460240230221,-0.842660333813963,0
-1.44611539516381,-1.23642050056166,0
0.208411618465568,-0.265231276900386,0
-1.45966494006769,-1.46830300897003,0
-0.324177101984946,-0.0136801313558091,0
-1.19655057893848,-0.824326373262573,0
0.502746986739156,0.000803229777977643,0
0.198889037965974,-0.140026068009672,0
-0.912092532428047,-0.993292297378633,0
-1.20803053991074,-1.05745542493372,0
-0.973901720562809,-1.12125670751011,0
-1.73415126434259,-1.41254697884278,0
0.729041917105403,0.595828844446814,0
-1.5262476321647,-2.11862568098678,0
-1.4880397139863,-1.65874630700187,0
-1.75553593854147,-1.57345906605312,0
-0.128419048279717,-0.647263285451459,0
-0.813699445302343,-1.16781533261321,0
-0.142923526832725,-0.18995619009339,0
-2.04614666874666,-1.65126273678112,0
-1.54404924509477,-1.74869398474041,0
-1.59513427489706,-1.93769742435598,0
-2.7175274012496,-2.33039482801445,0
-3.47179142994215,-3.2914501178798,0
-1.2717985608989,-1.35298499774517,0
-0.996437230328856,-0.915796652690694,0
-1.33430236336292,-1.24645825788519,0
-1.73486648224398,-1.9724544770133,0
-0.854276043650989,-0.980715935910288,0
-1.31091966955836,-1.18180445789076,0
-1.63358396512901,-1.49249356765509,0
-1.96999621469066,-1.85484046471889,0
-1.56034473509666,-1.43757396585335,0
-1.35109642692575,-1.03323730387128,0
-2.00572407333136,-1.89500784931157,0
-1.40218694461545,-1.41640109966226,0
-1.54403817570138,-1.32393724094982,0
-0.962936626002631,-1.21199883355735,0
-1.25938785849095,-1.62489625247043,0
-2.13076676587373,-1.89829537576136,0
-1.84864276911819,-1.64498712876538,0
-1.35087427990505,-0.546100584249839,0
-1.66170454897752,-1.73794699540594,0
-1.62762751885104,-1.7969256394469,0
-1.00992660921969,-0.751285858416145,0
-0.404563404155082,-0.107149941076883,0
-0.518692906448065,0.0645949112592648,0
-1.77556030186509,-1.83919847386374,0
-1.06421446578403,-0.921843166679029,0
-1.31743857235168,-1.06350447282474,0
-1.06038821143139,-1.3979211205393,0
-1.43247448535755,-1.23118658486741,0
-1.53476601610217,-1.89187942039877,0
-1.61575180502263,-0.965812759027624,0
-1.61313312297434,-1.07572356254478,0
-0.50379831170715,-0.25112889483371,0
-0.943136222576469,-0.626982475757881,0
-1.70412969757117,-1.41100548269581,0
0.0898841361307842,-0.277424176657571,0
-1.65842180942561,-1.17925980554563,0
-1.49591106454457,-2.08428842704326,0
-1.88685404808854,-1.71578828089065,0
-0.469399128776428,-0.658481300695835,0
-1.72132998079458,-1.35082746310757,0
-2.3175894775909,-2.23346536346542,0
-1.14745265340786,-1.1396046287949,0
-0.693874049801938,-0.973626249640579,0
-0.617189155140094,-0.574780779750712,0
-1.03349148910421,-1.09934481347234,0
-1.0080814784509,-1.15415986697515,0
-0.402056283123683,-0.280228124886439,0
-0.759643102788417,-0.42787995548271,0
-2.00743060159435,-2.03960077408752,0
-0.560838144456583,-0.422669854393793,0
-2.14183896320559,-2.08012260632746,0
-1.06603170763889,-0.952858054226002,0
-1.93226522652907,-1.76864571704189,0
-0.611586560867196,-0.529683543477916,0
-0.880502999577405,-1.49736065983949,0
-1.62222852038594,-1.98119164629482,0
-1.67470140008075,-1.58980014399749,0
-2.4382822420043,-2.15167091624248,0
-0.877029729226883,-0.588742104476436,0
-1.63948792766807,-1.87798883711622,0
-0.919528882985226,-1.26720991326717,0
-0.57408339153292,-0.757801545339666,0
-0.540515713262073,-0.666536006882352,0
-1.16591395993671,-0.85987578801467,0
-1.88952759570256,-1.63493086931844,0
-1.6050637116181,-1.93228945650571,0
-1.3472209754482,-0.783107882555662,0
-2.21906233942568,-2.22853578122605,0
-1.63847665146859,-1.49446771154039,0
-0.885181796776902,-0.578009557750265,0
-1.59587157505247,-1.18367992642024,0
-1.24341996494423,-1.39741375249125,0
-2.13540625170861,-2.44044057612274,0
-0.999666665251939,-1.08209718287542,0
-0.452316188301483,-0.396783762867804,0
-0.0167040562207609,-0.146593272245451,0
-1.7462088233816,-1.62047402689701,0
-0.999771324131222,-1.43657373656135,0
-1.18651815386134,-1.5915146362275,0
-1.15026699996834,-1.20976460287705,0
-0.8760614516283,-0.653485503288326,0
-1.75328530868359,-1.93328542510001,0
-1.47490838822024,-1.3878224526331,0
-1.12581651826223,-0.999857009858217,0
-0.819091683565092,-0.772662071093778,0
-1.85668290327219,-1.17852570980796,0
-0.96802643074463,-0.933068327481457,0
-1.02254601962381,-1.05995098583542,0
-0.60165560543562,-0.832928915332091,0
-1.20008597631791,-0.864761693332716,0
-2.55946754421811,-2.05510420410477,0
-2.14741527915723,-2.00417920350601,0
-1.69243224166137,-1.62466638392447,0
-2.47161251274121,-2.0670773992056,0
-1.71435890919189,-1.59535656942725,0
-1.19387465027562,-1.26473097789697,0
-1.39650674209533,-1.53525349544864,0
-0.625050857932581,-1.03324171310228,0
-1.56095138370362,-1.2435110094765,0
-0.923641568610543,-0.984954073451823,0
-1.68939843693961,-1.51650018041231,0
-0.324201459449431,-0.223971243072349,0
-1.20750223255862,-1.27445257117899,0
-0.85149910146108,-1.14702759641398,0
-1.60552711182622,-1.57362981591393,0
-1.42065678075772,-1.07462959901028,0
-1.49631394464599,-1.56669378825698,0
-2.60357338455967,-2.30994224048627,0
-1.21502924356509,-1.05229977992189,0
0.335388842905506,-0.143123415080424,0
-2.66365880960489,-2.7507092414211,0
-0.87357915358038,-0.375108623843043,0
-1.08330673854719,-0.719101180102371,0
0.617375551868266,0.127718137221162,0
0.248705747683205,-0.0846831447247809,0
-0.754108391522839,-0.847465917093906,0
-1.27305237506886,-1.08901694027493,0
-0.871776738614566,-1.03826419058353,0
-1.65056231350154,-1.4004986151407,0
0.127391254007428,0.0533396068565543,0
-1.5741009846752,-2.18758366141891,0
-1.69203996571261,-1.84401676363906,0
-2.17618836919154,-2.13415563264525,0
-0.165741468091866,-0.684176535554289,0
-1.65903166897721,-1.88870297107414,0
-0.145711815965067,-0.192321279313116,0
-2.56875116582217,-2.39095664253697,0
-1.60871446688531,-1.81575131242967,0
-2.59003061324604,-2.84207475888605,0
-2.86062472238395,-2.47528135672473,0
-3.5511374034445,-3.43628109698435,0
-1.35921100591685,-1.43752935197013,0
-1.97883389666462,-1.83367510484644,0
-1.98884981446142,-2.06710757364828,0
-1.64769513695575,-1.84954722067327,0
-0.934260971664791,-1.04470974546288,0
-1.67928454830164,-1.62803727383639,0
-1.63395414519956,-1.49536391073799,0
-2.67186116044652,-2.48040779954494,0
-2.32519033286321,-2.24641640110919,0
-2.39274005796092,-2.17364660177671,0
-1.8495543940454,-1.74400241760241,0
-1.49088671339383,-1.48557052352195,0
-2.17376351520512,-1.94692519519596,0
-0.935221448365553,-1.16941557081179,0
-1.75487694926439,-2.37621469059142,0
-2.26144143440277,-2.03949026725086,0
-2.8516445077706,-2.70054794228953,0
-1.36117395524316,-0.5701374798978,0
-1.8233274798683,-1.73617624354426,0
-1.75991481142393,-2.00700414494245,0
-1.0577473595226,-0.804331976023737,0
-0.998514693585724,-0.691233337144775,0
-1.67891565513892,-1.22843665581073,0
-2.10234151472813,-2.17457885088582,0
-2.32233428404586,-2.11988963482968,0
-1.30861454787553,-1.06134150678498,0
-1.21084313154008,-1.55081090114998,0
-1.47982432309451,-1.27720967991779,0
-1.72015356408681,-2.05061086297349,0
-2.81572522610483,-2.26322091616501,0
-3.25470070504634,-2.54629506532493,0
-1.09683694113491,-0.811564018156008,0
-1.04614570372122,-0.726306635463867,0
-1.86474767312596,-1.54409901908404,0
-0.660470123099665,-0.824687158992688,0
-1.69788598287925,-1.20650989047716,0
-1.65042414403245,-2.36191008811417,0
-2.05758609624867,-1.87832406903618,0
-1.04055822773846,-1.3389662227871,0
-1.84474714799056,-1.46679039273032,0
-2.46997007553704,-2.23521050520929,0
-1.28338785462578,-1.32132799298076,0
-1.48036150911885,-1.57275360462422,0
-0.610602582190659,-0.583781594392947,0
-1.4569307514283,-1.35507423091704,0
-1.89949381294516,-1.97220033892426,0
-1.10369881199306,-1.17995567178564,0
-1.30111003437262,-1.03155718306792,0
-2.13095559338049,-2.13935048346273,0
-0.993131099075898,-0.77493819658479,0
-2.29413543749884,-2.16099076852976,0
-2.15247610552343,-2.3413781341119,0
-2.10577913210951,-1.9080943073598,0
-1.22012459391781,-1.21282612287697,0
-1.76156970852614,-2.45263696158241,0
-1.55215463325148,-1.91164772930766,0
-1.74662600477901,-1.64986594783006,0
-3.11351365831295,-3.18427580382007,0
-0.836214523712079,-0.381186386553229,0
-1.90078771276721,-1.91644844032962,0
-1.01553218950313,-1.3880392679767,0
-0.720397717830131,-0.883227138481509,0
-1.16298239918107,-1.36613856498891,0
-1.68486538801445,-1.32833174507696,0
-3.25053246175303,-3.20246861278926,0
-1.71303049578843,-2.03805007909446,0
-1.42619810934693,-0.845564840286982,0
-2.38834401610534,-2.38218547696343,0
-1.66185349502867,-1.51432415956072,0
-0.952392372050611,-0.626414151690998,0
-1.73502716262559,-1.25195542328375,0
-2.09490044232275,-1.91861122356027,0
-2.31539408689676,-2.60622964187154,0
-2.11075632932054,-2.13094842468009,0
-1.02598382867239,-0.934504413254927,0
-1.11258076888093,-1.34341326272747,0
-1.9156495192371,-2.08057146284978,0
-0.849087545804763,-1.66886395485632,0
-1.27675365281457,-1.65971627024042,0
-1.34487278848104,-1.40790749125421,0
-1.6438732269207,-1.39987321362068,0
-1.71631075649935,-1.90600070106733,0
-2.06862154009281,-2.15619573277036,0
-1.24345831945333,-1.06565235426514,0
-0.814705822922394,-0.768268574762117,0
-2.21355444756413,-2.01181923336204,0
-1.08412645552475,-1.03609739039945,0
-1.13876644126745,-1.1614416008143,0
-0.728443750249541,-0.929612687181899,0
-1.32063443108645,-0.943550858964243,0
-2.64129432606451,-2.12428926385917,0
-2.29935574524742,-2.12048622013429,0
-1.83081600177033,-1.75397717034295,0
-2.65264552815847,-2.213139523834,0
-3.2568613457193,-3.1822229915987,0
-1.27904460220892,-1.35404528053557,0
-1.42258639383046,-1.56193503097385,0
-0.740654452001721,-1.14953083586586,0
-1.63640049236316,-1.31752807478617,0
-0.861521544433876,-0.906721869521611,0
-1.82004894918009,-1.63383642550178,0
-0.365780999760108,-0.262246319184794,0
-1.56913243617611,-1.81465780233517,0
-1.03059116293664,-1.33505594529303,0
-1.89195585512709,-2.02789003961552,0
-2.25647261971693,-2.12852760441794,0
-1.52316013070464,-1.626266527648,0
-2.70339858022052,-2.40989249632887,0
-1.22561204233521,-1.02734111223908,0
0.24112946865282,-0.223813062207797,0
-2.9945269887195,-3.02929340141892,0
-1.06670309343151,-0.492947401300553,0
-2.35346248199263,-2.15712656068354,0
0.59850660266106,0.123670917340984,0
-0.0239330260583642,-0.255558584386639,0
-0.794038359606843,-0.912276403039077,0
-1.71372318390163,-1.5429913310971,0
-1.77324740769428,-1.93106710744487,0
-1.74427574227857,-1.54634330018538,0
-2.78293195376667,-2.89847284159276,1
-2.91445124867319,-2.97696247921966,1
-3.60156606968826,-3.48154228066334,1
-3.40049089635746,-2.98766373881141,1
-3.1012922913465,-2.83171926504136,1
-1.68112212793465,-2.03379135455663,1
-3.01071257907552,-2.69930098255254,1
-3.17234314407671,-3.13330119644161,1
-2.44103047117157,-2.57262623583409,1
-2.90259138156311,-2.70232111247393,1
-3.13560954197142,-3.19118136016217,1
-2.83935849170292,-2.82270296856328,1
-3.54876722362623,-3.64803564674081,1
-4.0305016684292,-3.94852330541944,1
-3.67123009558007,-3.67617908179606,1
-3.04494639399029,-3.15457491209433,1
-3.73935965415732,-3.62967083531033,1
-3.1845659415442,-3.32160399279137,1
-2.51128665192302,-2.67831726898927,1
-2.92191696159717,-3.22004723397423,1
-4.10708905220891,-3.94031506732642,1
-3.69569967757759,-3.38408422077807,1
-4.04467411090531,-3.83599354265767,1
-2.31326139790618,-2.07104242985907,1
-3.42365779935251,-3.33953997699145,1
-3.29644562492403,-2.74601673967162,1
-2.94000707522226,-2.82085758212516,1
-2.97348191462601,-2.92609582118879,1
-2.12545510731829,-1.73796563215085,1
-3.43915254079667,-3.2304743112148,1
-3.35873666327208,-3.18204529588874,1
-2.83505978953646,-2.68814054890625,1
-3.66186134007524,-3.09750248446401,1
-3.89794124958626,-3.47231971095247,1
-3.64931802035359,-3.80129430881051,1
-3.77688374653475,-3.56637088767713,1
-3.17489544673654,-3.09932812608033,1
-3.44981169237435,-3.07434544691519,1
-3.24477850844339,-3.11531056352966,1
-3.6684284804812,-3.78731297246959,1
-3.59887571106913,-3.4910476407694,1
-2.35598660573363,-2.69778146849219,1
-2.8659978809726,-2.68246681093035,1
-3.04124739038509,-2.86183076300546,1
-3.51331623529749,-3.59289885157923,1
-2.76662400501841,-2.87140118344624,1
-2.62485742756581,-2.72169609199925,1
-3.62286234907325,-3.63045924798992,1
-3.42280752681808,-3.3999981310011,1
-3.61116577828383,-3.4491745643611,1
-2.73094782698053,-2.91891410014465,1
-3.35206627365545,-3.36946511806488,1
-2.48008641302984,-2.64023907598759,1
-3.66927402236465,-3.73135450275912,1
-3.09237646242001,-2.95582171654529,1
-2.9701049671775,-2.92388552726839,1
-3.05593483021289,-2.64508493241487,1
-3.41814254776012,-3.35242904747089,1
-3.16543632743122,-3.0136010377977,1
-2.1296280021507,-2.31431107997514,1
-2.99630839834988,-2.95485047892398,1
-2.90565897011524,-2.44221528801884,1
-3.30116115054533,-3.37425090952474,1
-3.33621260078764,-3.50026295883834,1
-3.616642221396,-3.58911510566477,1
-2.45976801680207,-2.54002058808376,1
-3.01106765321463,-2.96072766592313,1
-3.53129029042107,-3.39345392480097,1
-2.61099175710741,-2.46884406632352,1
-2.2095467177353,-2.10140113687379,1
-3.24827075115679,-3.43464587862968,1
-2.50087539983419,-2.35976688981616,1
-3.52433431098923,-3.64076808522786,1
-2.50112591301118,-2.46574588925139,1
-1.80254650655158,-2.12026296782183,1
-2.66710043884542,-2.81405936277019,1
-2.74448122202678,-3.10827834090435,1
-2.65171831068456,-2.75032066395113,1
-3.93729566766721,-4.112161967091,1
-2.84946579723488,-2.87674992908684,1
-3.16730298355757,-2.42733531595391,1
-3.82568457485555,-3.55559080496361,1
-3.12769694883747,-2.63534344533078,1
-3.45714010759424,-3.30192914530748,1
-1.81234469484756,-1.56422219604218,1
-3.05195704457094,-3.0869193779906,1
-2.97194990959059,-2.57728993664189,1
-2.15155425392812,-2.25852744181522,1
-3.50549987263531,-3.60140887863675,1
-2.53671775239189,-2.37102908413113,1
-3.3263587032228,-3.05881794731388,1
-3.35908290379187,-3.11159232063386,1
-2.37923360319635,-2.91717212569394,1
-2.25941825991702,-2.12810404335036,1
-3.12484796929408,-3.22259771468559,1
-2.62639869967215,-2.68242187035079,1
-3.05427456431363,-2.93653879015585,1
-3.28508476760237,-3.39536464835478,1
-2.1104979675577,-2.37732677445296,1
-3.60177028359906,-3.46029689622271,1
-2.70772716919075,-2.81769878039036,1
-1.91858032213078,-2.65040979371992,1
-3.08512819709098,-2.95393730085509,1
-1.74312699968933,-1.73269262680294,1
-3.0358138533701,-2.64250383859886,1
-2.61151374074995,-2.46634417999581,1
-2.88503805617076,-2.72170899422483,1
-1.84073818664156,-2.03748865428107,1
-2.94769579439365,-2.89802848078521,1
-3.14319511441133,-3.33725150973342,1
-2.98308628318471,-2.64060936527017,1
-3.51131017170161,-3.15914952099651,1
-3.35410252025439,-3.40875734627896,1
-2.77259308690253,-3.06974933916388,1
-2.65497802384946,-2.80362944825679,1
-2.97160268201057,-3.22298975920831,1
-2.65371048356714,-2.67463885088845,1
-2.96082370855693,-2.92352821215744,1
-3.01492911186054,-3.1406003811046,1
-3.68863915714625,-3.36776290602526,1
-3.27402967177693,-3.27347268279303,1
-2.70509177689228,-2.9035479001253,1
-3.63301029611758,-3.47625401713697,1
-2.07408587055734,-1.87184493056199,1
-2.35531751639246,-2.38151312774371,1
-2.94017762147172,-2.85216262019267,1
-3.45911892077665,-3.67495022955638,1
-2.98250847421691,-2.96031177555856,1
-3.67631594988641,-3.42116073703634,1
-3.85782369763363,-3.73464260844714,1
-0.927565802660814,-0.894959448718355,1
-3.3264459359955,-3.10645997132119,1
-3.93473553117602,-4.00271092791458,1
-3.06319176287838,-3.18800407608173,1
-3.09019551267533,-3.09452499270524,1
-3.10485152193061,-3.0763321996685,1
-3.37999480438134,-3.24441315302612,1
-3.56231505740671,-3.47049552118585,1
-3.63903307951309,-3.11389032705642,1
-2.86234579266585,-2.60975228837678,1
-1.93572581990539,-2.30926021649989,1
-3.29075176055324,-3.39312524623632,1
-2.92888499821184,-2.92647481650222,1
-1.77868987934475,-2.04803057106322,1
-2.93318611996728,-2.78736319592304,1
-3.97214795238178,-3.81534160289216,1
-2.56700741423327,-2.47968848217626,1
-3.52125452160388,-3.53190475041576,1
-3.79256085728724,-3.57973307065727,1
-2.65363791229859,-2.75482809560023,1
-3.2717285173421,-3.09455255952287,1
-3.86619039825196,-3.68140917545078,1
-3.1751501694672,-3.15983898384264,1
-3.49357717479874,-3.51390203493641,1
-2.98659040378852,-3.058960003885,1
-3.85382575791078,-3.65085647469069,1
-3.76343421310082,-3.66398797263599,1
-3.80223409356185,-3.65249881768931,1
-3.10144455959068,-2.83356744220573,1
-3.03230912005467,-2.81450739409469,1
-2.69404867779357,-2.32612095717839,1
-3.30026194638518,-3.33054156980286,1
-2.54461629596865,-2.60667987006037,1
-2.47720152215076,-1.83199986046609,1
-3.45369962768521,-3.20070386080668,1
-3.47172260135226,-3.52871239548193,1
-2.9271416860995,-3.04542301792886,1
-3.44471833111672,-2.82162482091881,1
-3.38322053179521,-2.94554638655686,1
-3.41121843370935,-3.53282923236904,1
-3.69722954764593,-3.27859840455005,1
-3.59822821488789,-3.54342579078523,1
-3.42851444330049,-2.9551664360064,1
-2.94725314090416,-2.87991304319068,1
-3.51962433428866,-3.38136886263251,1
-3.69003188265853,-3.52904775584531,1
-2.97750834173516,-2.7275703667022,1
-2.16398541367871,-2.08848417738499,1
-3.38733777013688,-3.26981526544754,1
-3.46306708294865,-3.34031144463894,1
-3.30326356555165,-3.34898424033065,1
-2.42608755809299,-2.65941847559088,1
-3.65347491071573,-3.59887594107708,1
-2.71099131963628,-2.71740294378617,1
-3.55055852195787,-3.39656643849818,1
-2.95425845042902,-3.35764662801406,1
-3.24571751110431,-3.239200635909,1
-2.8478379814497,-2.94138039210608,1
-3.51361833272936,-3.67179175837018,1
-3.18200889812752,-3.03884470031815,1
-2.90647766913953,-2.85464802760719,1
-3.24694509964415,-2.69408582907535,1
-3.15140421925268,-3.24639961304926,1
-3.37662070880225,-3.22483244445947,1
-2.87318802883027,-3.03072077605832,1
-2.97860354447623,-3.03415032221073,1
-2.68180474911199,-2.26670638962562,1
-3.81780419982583,-3.300703161843,1
-3.75844380441702,-3.87605297132864,1
-3.27008342089357,-3.14368117307287,1
-2.87447161939636,-2.71193908759939,1
-3.42829845373578,-3.25354351755105,1
-3.40753196761576,-3.20677467995537,1
-2.48224142065458,-2.43272356575895,1
-2.81599169501243,-2.7910707867981,1
-2.32847700449977,-2.7023895507511,1
-2.96723609167394,-2.81489438681465,1
-2.74188613267875,-2.59532045668567,1
-2.73274474492084,-2.60604342361688,1
-2.63327572782496,-2.84006404570827,1
-3.12708995939162,-2.65659259062267,1
-3.39705907407725,-3.49129203774737,1
-3.27006995558262,-3.33180437792719,1
-3.11284156899555,-3.39560210933812,1
-3.16868198533142,-3.19797143104034,1
-3.28123049302333,-2.3865712095053,1
-3.68747039460356,-3.46176703675645,1
-3.62994674134811,-3.26079115627735,1
-3.07831191530175,-3.39435492874083,1
-1.79281322632852,-1.92595079222243,1
-3.23494047778916,-3.0631772884745,1
-3.04925736512333,-2.47663734673792,1
-3.3210252277578,-3.16559997892582,1
-3.63228091459827,-3.63573482276023,1
-3.33177477551478,-2.9856131384243,1
-3.69987525921594,-3.47348005498737,1
-3.36091039971566,-3.36660744465721,1
-3.17369197747449,-3.27540939169515,1
-2.64821364878687,-2.57017770764208,1
-3.01415723315994,-3.0055086337364,1
-2.82968843775808,-2.9509618624119,1
-3.32155671059796,-3.24169472014572,1
-3.56788221397406,-3.59702160403351,1
-3.15052358305172,-3.26709765950214,1
-3.36969123324775,-3.28707556797905,1
-3.38093212877169,-3.28996366594542,1
-2.44191202397037,-3.17389533744621,1
-3.14755008353538,-3.04058315037473,1
-2.34552208071694,-2.45669096982584,1
-3.05585306891917,-2.59651374363647,1
-3.25242317785552,-2.98891268038622,1
-2.66984227508225,-2.43853985235481,1
-2.63116468369347,-2.57926017233709,1
-3.35651818844479,-3.2877366887706,1
-3.06325868713865,-3.4407864578093,1
-3.6104687952381,-3.07310136724406,1
-3.65842283296461,-3.4746590291915,1
-3.24568806137654,-3.26566397534038,1
-3.425906319755,-3.46571543117114,1
-2.91992972212272,-2.95415489373053,1
-3.55441432588203,-3.55998519974086,1
-3.32460978295655,-3.38648369323296,1
-2.96036925343083,-2.95869720098649,1
-3.37175333710579,-3.2544468766187,1
-3.20461400962282,-2.92574546623467,1
-2.80552763333643,-2.94220643048048,1
-2.98435226321712,-3.13982755504838,1
-3.48188456613123,-3.387322008544,1
-1.94277964370179,-1.62786075226037,1
-2.46619741300325,-2.1153524679444,1
-2.56609899442286,-2.63018197325403,1
-2.93583288412506,-3.14174617855398,1
-3.56069572057068,-3.71157955298186,1
-3.67976649852687,-3.44467673193161,1
-4.1093800039756,-3.9701398492614,1
-2.57123479315191,-2.65615021682399,1
-2.73375014694171,-3.05142926529386,1
-2.55920816805805,-2.92377179355093,1
-3.30551724710354,-3.08212043347529,1
-3.96230918564159,-4.01336896199244,1
-3.21472785343863,-3.20856758364342,1
-3.64553924581385,-3.28484630621234,1
-3.0361128682621,-2.99385947107812,1
-3.26427698920949,-2.80315889477314,1
-3.04733338244363,-2.87304140682813,1
-2.98202024226967,-3.2124128106609,1
-3.16107714297425,-3.25790269984307,1
-2.63552283163753,-2.69886444274112,1
-2.15844656451128,-2.44421673764885,1
-3.19224496859945,-2.93758766644991,1
-3.47208974012027,-3.36990986566343,1
-2.72937123329112,-2.59734190593567,1
-3.20071537198846,-3.16018261669317,1
-3.8385955534911,-3.59578621576137,1
-2.49931955892306,-2.50575931306242,1
-3.01466105264639,-2.91260820770813,1
-3.62711865202311,-3.35863376508867,1
-3.31587906178166,-3.20445826508228,1
-3.50491303366916,-3.52673297226762,1
-3.1601850828744,-2.80760883127176,1
-3.11084927436963,-2.9232332560246,1
-3.11696801599559,-3.02650817241144,1
-3.48747341128456,-3.62414180407592,1
-3.56417101861834,-3.57394661301643,1
-2.95248263473381,-2.71090341361089,1
-2.51007249009094,-2.18993512228847,1
-3.34894333754359,-3.49574808316163,1
-2.29298394841051,-2.29763567790309,1
-2.69821412009413,-2.06277020558104,1
-3.03322419619541,-2.94370249466451,1
-3.39426237378928,-3.43559481714661,1
-3.03344867315093,-3.12369026934824,1
-2.91487872626076,-2.384954077833,1
-3.54989256470176,-3.49949397346471,1
-3.34309863960923,-3.22796560830526,1
-4.00555571297053,-3.38583772841766,1
-3.66128684314091,-3.66081453655345,1
-3.75020629996027,-3.3068877379209,1
-2.62954768912524,-2.53453372438925,1
-3.23888612831643,-2.83968874477449,1
-3.61264448320786,-3.45876629461915,1
-3.26059850244028,-3.04458178925529,1
-2.56858311949399,-2.42919759075411,1
-3.78558054573142,-3.70085010110991,1
-3.53208359271126,-3.33388899707458,1
-3.50728021797494,-3.40715675177802,1
-2.70062023501182,-2.88456607433853,1
-3.70678754178384,-3.44780233643672,1
-2.68764482682639,-2.5968907923938,1
-3.53078023633314,-3.53343140053244,1
-2.75146203608603,-3.02926291849201,1
-3.10623835661719,-3.06400420416417,1
-3.2680000004384,-3.38209722725906,1
-3.14951004947737,-3.09589011370483,1
-2.98576568308652,-2.8657923856477,1
-2.74722073504847,-2.75868595993162,1
-3.27405923422559,-2.95676725630302,1
-2.76148061904636,-3.07538666446297,1
-3.53784120990339,-3.29576596182292,1
-3.50772692463936,-3.63417000421758,1
-2.66124418116341,-2.67292367761792,1
-2.74110889923283,-2.28555595211911,1
-3.85488153666768,-3.33887127279996,1
-3.32089901317753,-3.29813886313927,1
-2.68750382861803,-2.47762014351762,1
-2.83109900116746,-2.51135514525732,1
-3.44637713198869,-3.41053012427547,1
-3.38083408583979,-3.26153861591793,1
-2.50382227075611,-2.53625770825475,1
-3.75351489758074,-3.66195036991124,1
-1.9052800624945,-2.10739389926708,1
-3.32198261067696,-3.16356328549123,1
-2.41116006714923,-2.14501413740925,1
-3.12455626169077,-2.95620012597425,1
-3.18894347236865,-3.21724433300917,1
-3.38722322641183,-2.9121366829742,1
-3.72116459866548,-3.42196660438935,1
-3.47124212148074,-3.26295385840092,1
-3.29984886151638,-3.33123523730097,1
-3.41623936509363,-3.65456209161768,1
-3.770583535248,-2.66726126851432,1
-3.18458342227379,-3.41064039379694,1
-3.35732022382369,-2.81415376493917,1
-2.75534568911672,-3.07973373952526,1
-2.11393238239388,-2.61415622573115,1
-3.95014271782649,-3.82294689058279,1
-2.70894394575719,-1.90832373256268,1
-3.32290409249121,-3.26105058600881,1
-3.1648992470098,-3.31846816466621,1
-3.08812100832742,-2.6695817310938,1
-3.66726179173099,-3.44667015659642,1
-3.44461156240658,-3.49159197845585,1
-3.03028742455691,-2.80819287981919,1
-2.60667545818062,-2.49911678106465,1
-2.58710057647914,-2.60765539811882,1
-2.85258738133516,-3.04148993417551,1
-3.90850363932231,-3.77079159618493,1
-3.06979703591414,-3.05045318556118,1
-3.22448961591295,-3.09620733542712,1
-3.11875769456969,-3.21816435359275,1
-3.81915266724373,-3.84185423217308,1
-1.89286319601169,-2.7475485835706,1
-3.11094148072103,-3.0121133073463,1
-2.35252964060636,-2.34012095010535,1
-2.9592394611608,-2.81544346828378,1
-3.02079982490958,-2.59875303075786,1
-3.30582135892891,-3.04692950254323,1
-3.04959621786704,-2.94680250914156,1
-2.78635346311618,-2.96594790336635,1
-2.99922159326093,-3.35856264234652,1
-3.48055884654872,-3.24619319752655,1
-2.7438135270138,-2.77343204492078,1
-3.45698865031283,-3.44656212647481,1
-3.91737084890527,-3.7196740004593,1
-3.12637756252231,-3.35486499623565,1
-3.15227619586361,-2.8032288188697,1
-3.8829460196566,-3.83478466588621,1
-3.46001276987612,-3.53141112239834,1
-3.68168322696824,-3.20050582452479,1
-2.83474168026518,-2.68908396284109,1
-3.18304871543947,-3.01958704084933,1
-2.00225653816721,-1.9128693948736,1
-3.33884548965557,-3.22948221210238,1
-2.530974042562,-2.09870433538277,1
-2.71950049261074,-2.17516236587857,1
-2.60439213459883,-2.9756615740345,1
-2.94337729964197,-3.1797042753982,1
-3.44670121363028,-3.65299017591148,1
-2.77633254599968,-2.47539558483385,1
-3.50212059838807,-3.5984063630103,1
-2.9006797382902,-3.0569941264253,1
-2.9957091004297,-2.99863640678123,1
-2.64936453334641,-2.91047512648868,1
-2.98340492975271,-3.20233559328627,1
-4.3621931937425,-4.43575748352915,1
-1.54910101098224,-1.75562532772215,1
-1.24934964502742,-1.11705996254429,1
-0.0721355245645908,-0.212025062152757,1
-2.03119441121374,-1.71480794711954,1
-0.574117587095142,-0.777669661079082,1
-1.06441906387285,-1.05812742705815,1
-1.43529356545045,-1.4250397210028,1
-1.3186241384833,-2.22717693328825,1
-1.56175898546034,-1.27814724864261,1
-1.25892771740598,-1.88069691311589,1
-1.65702294258784,-1.31996869223319,1
-0.792019888279849,-0.750771039262889,1
-0.806775733827245,-0.711350188571851,1
-2.01259691956276,-1.67039403085648,1
-0.846529815267499,-0.92903950050459,1
-1.53097173318293,-1.46833742873729,1
-2.7688012272022,-2.25669282521159,1
-0.875981557207599,-1.01430709225055,1
-1.17239244509684,-1.2252509276687,1
-1.89231937956149,-1.58006298647133,1
-2.20114408382278,-1.93259570338066,1
-1.86822807881952,-1.84733359117777,1
-2.02414515237643,-1.87410674524258,1
-1.94217247563605,-2.06657806266605,1
-2.11588702880297,-2.19761447010198,1
-1.48491528051406,-1.70199587110775,1
-2.51401252024378,-1.96564261009187,1
-1.5674392549767,-1.60728953473753,1
-2.69258206965106,-2.39574288634356,1
-0.992883788386296,-0.637129048593428,1
-1.33788688897912,-1.3464713069064,1
-2.28362175776791,-1.95090713403807,1
-0.709484268103628,-0.70587974357831,1
-2.3665695950432,-2.15630451704991,1
-1.91181456593672,-1.67084688554773,1
-1.20388406102256,-1.06659247470523,1
-2.88236563981221,-2.91041361534468,1
-0.687868632757007,-0.630059928153169,1
-1.95075652901744,-2.27831926224967,1
-1.30475857006803,-1.49626509299754,1
-2.52854863562465,-2.33637449627255,1
-1.64247757911214,-1.67708896904863,1
-1.62184199697101,-1.49695448485507,1
-2.06337970541564,-1.84178936194472,1
-1.11646975127509,-0.978636561517519,1
-1.92925486207033,-1.75396443811744,1
-1.97571463005091,-1.87463116148815,1
-1.38227984792274,-0.898078069403913,1
-1.01786757512434,-1.16849741136345,1
-1.25045395743986,-1.29359956374848,1
-1.06559454531944,-1.50402516205524,1
-2.72133848857187,-2.38244838488371,1
-1.93572465099038,-1.71751834625541,1
-2.43597959744121,-2.21027151243184,1
-1.63937227806824,-1.4226569076492,1
-2.28069001541723,-1.83320281452702,1
-1.61021147604303,-2.16482212167444,1
-0.9758646033307,-0.746437963547932,1
-1.168610862464,-1.51989722926618,1
-1.01779540632363,-1.31480624414714,1
-0.168829819827762,-0.145245682470031,1
-0.134158139427405,-0.6741584949958,1
-0.76042620570786,-1.54130778047306,1
-1.0767370107372,-1.19576903931184,1
-1.1026482763394,-1.11175278635035,1
-1.80272307586529,-2.3439029767078,1
-2.40265121350113,-2.04620259202525,1
-1.33528571118089,-1.94783819989639,1
-1.16877824235832,-0.825462497876882,1
-0.432158990918739,-0.822480219780754,1
-0.705999706094471,-0.975473053489856,1
-1.3343236485397,-1.06898762585669,1
-0.836081975313047,-0.99012256918698,1
-0.991731927401245,-1.61286586158944,1
-2.75996845518131,-2.53895220860688,1
-1.45761807693337,-1.29634948594688,1
-0.161449784254729,-0.0673749546797494,1
-1.6356265595114,-0.974411860909483,1
-0.941246692880069,-0.881211247944249,1
-1.96817252301536,-1.90482433693504,1
-1.29247277841996,-1.4741441331379,1
-0.898333047159252,-0.760387640387022,1
-1.68624614158315,-3.03921018631499,1
-1.34689872890294,-1.51352400221942,1
-1.74141180667212,-1.36938912020063,1
-1.54400917650917,-2.26187303049252,1
-0.773525524545512,-0.698822838031369,1
-1.82296080276719,-1.58522030433664,1
-0.309443938781365,-0.648333211863913,1
-1.64251389745881,-1.87272329041114,1
-2.5086031399423,-2.59041077548764,1
-0.684338898775867,-1.22782930167263,1
-3.04850629262671,-2.5361403938383,1
-1.79206377370001,-0.841779407316733,1
-0.947579112672992,-0.0983755831491051,1
-1.29223464170075,-1.35496165230226,1
-1.28147722898086,-1.42681622628658,1
-0.361854563785822,-0.391098989079426,1
-1.65660910991792,-1.70090749261511,1
-2.28134916394929,-2.24460064683828,1
-0.496563778717491,-0.401233966636511,1
-1.77427900059419,-1.64341806150991,1
-0.986086476511602,-1.45970287348608,1
-0.763054227943232,-0.695711050608749,1
-1.12621119969055,-0.912882708198022,1
-1.87150695925095,-1.82643775617447,1
-2.78700229019666,-2.53574898943881,1
-0.885199295014479,-0.808210909587789,1
-1.3984661293214,-1.55761078181667,1
-1.51619589876751,-1.10831748569006,1
-0.42803843290415,-0.409046183320263,1
-0.21284465809009,-0.622157639739017,1
-1.43818316009409,-1.54551066992954,1
-1.59230133376329,-2.06545376374791,1
-1.21629652522585,-1.17957146379311,1
-0.854165926893701,-1.1121531515619,1
-2.16900795495078,-2.1116909335294,1
-1.2074275725425,-1.24682387584448,1
-0.411502233717836,-0.631409872835932,1
-0.820392483427349,-0.965077674113004,1
-1.31577931207001,-1.00958143778385,1
-3.65108758057478,-3.33376694282547,1
-1.10986453539976,-1.72282320727341,1
-1.79983335170384,-2.21002621519382,1
-2.12225214821866,-1.77318569308452,1
0.746189477044819,0.166715407741727,1
-1.8429550154406,-1.41323839697613,1
-0.434956966604683,-0.45835843109576,1
-2.12740126294973,-1.90853297112504,1
-1.73564134522498,-1.78431713786726,1
-1.43029420313542,-1.07676797447094,1
-1.72326031778828,-0.972827286364803,1
-0.611457355666416,-0.723085970646575,1
-1.55290218797446,-1.71794995564409,1
-1.11005653365359,-0.759211969734787,1
-1.43190707205828,-1.48148520096818,1
-1.68484188850517,-1.38081883453264,1
-0.965877239349405,-1.08671978881518,1
-2.42659285817521,-2.05718383681611,1
-0.555952657488281,-0.763470371701462,1
-1.51211948540418,-1.40992745614603,1
-1.72797300754595,-1.62350969802082,1
-0.513748379450748,-1.48169028572889,1
-1.50949630845492,-1.16594292640877,1
-1.58736250784105,-1.83186662514895,1
-1.84296699812552,-1.76198260118518,1
-1.07738289756254,-1.01645607764313,1
-1.378915517884,-1.28785250870379,1
-1.82597767052838,-1.48285089382696,1
-2.05549158311908,-1.89921649661624,1
-1.88781943614906,-1.64473434319553,1
-3.06510181125061,-2.5371785055213,1
-0.980282718653157,-1.17702542947938,1
-1.12736861801583,-1.1604424759969,1
-1.43387522724514,-1.11060624220826,1
-2.03159609887458,-2.25113786035467,1
-1.49685028308654,-1.38776569788397,1
-1.78748826835965,-1.46145854620746,1
-1.95127264813561,-2.06839881261226,1
-2.2886174618924,-2.55002926410547,1
-0.952522917745552,-1.313415282377,1
-1.55567823985402,-0.988899209514012,1
-1.96135508297104,-2.14201752340609,1
-2.90586908741619,-2.71984196024318,1
-1.26174360019838,-0.86139547532515,1
-1.5143309913184,-1.73521100717044,1
-1.84878338994016,-1.21778440252343,1
-1.44483639466237,-1.4683460795367,1
-2.90903881522016,-2.57665289147247,1
-2.50727006961492,-1.98268744873035,1
-1.9006191702707,-2.04842105032243,1
-2.51985225878455,-2.34751396713054,1
-2.09689190524835,-1.54135512393395,1
-2.3630252932407,-2.6996918267827,1
-1.59570279067302,-1.81643690844881,1
-2.03207777364392,-1.92590381905863,1
-1.41832634549474,-1.53707252950755,1
-1.99613864684993,-1.84531687138775,1
-2.3448406261374,-2.25169026491636,1
-1.29931816267421,-1.05922583187125,1
-2.76034342013509,-2.48180446560028,1
-1.67892696631369,-1.5327764281943,1
-1.13374914600605,-0.786748174430673,1
-1.28717431556647,-1.52051531645174,1
-1.87896446363484,-1.9892922250345,1
-1.97629503475884,-1.98151602467715,1
-2.89706044441327,-2.73415587264446,1
-2.63687835356981,-2.4258123843516,1
-2.59400029068498,-2.29011404547603,1
-2.02193036472498,-1.5986647962475,1
-2.30001764986558,-1.84454930732228,1
-1.85510771037636,-2.49666506716971,1
-1.67243605308262,-1.37245749939248,1
-1.45484242118591,-1.89093639349867,1
-1.72286560798171,-1.85152610140568,1
-0.97337584640839,-0.940178882705017,1
-0.688410593906597,-1.34061728406527,1
-0.604281667139787,-1.40688320210606,1
-1.34578851605514,-1.55643089105016,1
-1.10349593386204,-1.0647330891811,1
-1.85927166375345,-2.13119852223038,1
-2.71515305519311,-2.39755817161411,1
-1.64899590792978,-2.51873041756724,1
-2.00036255541901,-1.31719082909892,1
-1.86064347785427,-2.09432744946939,1
-1.16659871581886,-1.44740498340059,1
-1.96980309667047,-2.00220187947228,1
-1.17170602176726,-1.26107535038399,1
-0.705998413778597,-2.31911060448207,1
-3.10025127965485,-2.59709121986608,1
-1.87010362650997,-1.63113624835824,1
-0.336021528857489,-0.211630518186889,1
-1.87759871035015,-1.21526908995478,1
-1.29975344279714,-1.23254935920209,1
-2.26475160656463,-1.77620459733753,1
-1.51043674878401,-1.65146466732529,1
-0.902991814120937,-0.796308543261866,1
-1.86728682471036,-3.07496131585834,1
-2.06128265190813,-2.07459214635334,1
-2.26074190334761,-1.65248140304933,1
-1.99670250575557,-2.11140345442848,1
-0.977348135135508,-0.675076259935535,1
-1.67342468641385,-1.58031285432147,1
-0.825424840051038,-1.08805008400964,1
-1.71920050168827,-1.97395041148807,1
-2.24289113774503,-2.02376161880901,1
-1.46054363612922,-1.88596425221495,1
-3.64376369400595,-3.73046943933915,1
-2.86856703515426,-1.49407587349897,1
-1.44948126760967,-0.494933591052329,1
-2.26336903404412,-2.1743476881767,1
-1.85580442329113,-2.16534200737205,1
-1.34367048482954,-1.10110007437942,1
-1.71522962916321,-2.11456033912271,1
-2.93661393902862,-2.59756343775537,1
-1.085943007416,-1.0871512451149,1
-2.0684774616384,-2.00425005421607,1
-1.7365650429381,-1.8865741238376,1
-0.811001311599014,-1.04292890109371,1
-1.40909190765273,-1.07031656629861,1
-1.7992636833899,-1.42358663741489,1
-2.56306242817192,-2.12584200603968,1
-1.39532809664054,-1.50178427723064,1
-2.27725409673179,-2.4602979033595,1
-2.17331247491753,-1.63576606899902,1
-1.15558773113925,-1.10752055873178,1
-0.387014488985177,-0.62613524134523,1
-0.602233665566831,-0.81288685635777,1
-1.69262806433182,-2.04829591418324,1
-3.11928284849906,-2.89236403474581,1
-1.55843459847803,-1.86299743248885,1
-2.5244852420791,-2.66769669039768,1
-1.5530129259156,-1.3934396869748,1
-0.601276845349855,-0.814505395359158,1
-1.43479871811599,-1.48099588431679,1
-1.1698466772037,-0.967136866353559,1
-3.65108758057478,-3.33376694282546,1
-1.47867466121112,-1.64899113743863,1
-2.05330512512075,-2.49394511570035,1
-2.42940558611398,-2.01819575342173,1
0.141372435513461,-0.159717839025413,1
-2.0629376233229,-1.61667430744796,1
-1.19558328286962,-1.39160091627365,1
-1.74651847141799,-1.34936340155428,1
-2.12625291187951,-2.02911737555432,1
-1.39827747302167,-0.976928046469181,1
-2.02796084506164,-1.57995166382354,1
-1.77831358097199,-1.97387340228403,1
-1.89942640099826,-1.88400042146001,1
-1.66293954286973,-1.60965788093839,1
-1.4065305925701,-1.29382497086804,1
-1.93797745476116,-1.82520875276089,1
-1.10314176798188,-1.11389991981529,1
-1.63215020839619,-1.36590989547119,1
-1.89128554824005,-1.55793209610918,1
-1.7863841645567,-1.40519011216482,1
-2.60934561478927,-2.52247041384158,1
-1.33488156926728,-2.11488371776312,1
-2.46348104007888,-2.22598258545674,1
-2.62577214838827,-2.48497509875033,1
-2.26805418812558,-2.27723614904832,1
-1.5036524357842,-1.48562940071645,1
-2.06784007277315,-1.86636949364762,1
-1.68474234631894,-1.4894110230934,1
-2.03332642205363,-2.04561599879822,1
-3.24682710614929,-3.01701748099187,1
-2.9205889632786,-2.4457019467691,1
-1.51791684859151,-2.03934288768242,1
-1.61227194782758,-1.76763282363564,1
-1.32884211717245,-1.23833485911942,1
-1.87184548401028,-2.32333188344862,1
-2.0010534580188,-1.70085616825004,1
-2.01065455301929,-1.8230933738523,1
-2.366132313922,-2.1718468761696,1
-1.68305112654323,-1.87488667138595,1
-2.14509380583934,-2.61809697478517,1
-1.92841945202154,-1.3276108777965,1
-2.45539738362763,-2.84360903638745,1
-1.64478640674718,-1.56964217200387,1
-2.08240135619435,-1.7117716140966,1
-1.39818638459151,-1.76106251629986,1
-2.04274787468025,-1.40125458001225,1
-1.86945287335388,-2.01830848464053,1
-2.85457268135528,-2.55781743029231,1
-2.72577485618857,-2.05193949147022,1
-2.28960082892865,-2.52565929867252,1
-2.84629934145937,-2.63332759474632,1
-2.66291478309015,-2.06960289611714,1
-2.47615233231323,-2.86691290578499,1
-1.83813656085882,-1.97769664178903,1
-2.03710679020325,-1.97687098684085,1
-1.52213793780196,-1.68072013624279,1
-1.9288112048267,-1.88554727410516,1
-2.59993580156892,-2.66297418804541,1
-0.84302017794171,-0.615187058039603,1
-2.97992510635537,-2.57257041056855,1
-1.97390474694127,-1.69649547634381,1
-1.91820226891481,-1.87173211020115,1
-0.71886136386847,-0.942969439139097,1
-2.40092880641408,-2.47424610140134,1
-1.74342719096802,-1.50799079620302,1
-2.69367269499231,-2.72267865320003,1
-2.95844653908679,-2.93627656660015,1
-2.33248414113021,-2.05519309807865,1
-2.13772614511766,-1.60396804092195,1
-2.77087843705725,-2.34625478239579,1
-1.83235059631252,-2.32551438123466,1
-1.49140985904057,-1.23537737279838,1
-2.5271017958298,-2.46826497405686,1
-1.68470504696671,-1.32993110677026,1
-0.856207855632406,-1.01851415315378,1
-1.47111803912337,-1.84891795976574,1
-0.424956489892734,-1.06345763472965,1
-1.78464280708532,-2.05752215194718,1
-1.49634283066116,-1.52878707111148,1
-2.47172563510909,-2.34632089781973,1
-2.85107821806791,-2.65611843822483,1
-2.35276467156107,-2.90636495118217,1
-3.31555791597286,-2.52076124564291,1
-2.26206212082866,-2.06309310968969,1
-2.57911414587183,-2.31535534133242,1
-1.8870088387104,-1.93095383509641,1
-1.03018479101368,-1.36936860759744,1
-0.903168581382036,-2.21926286650962,1
-3.12937794144409,-2.55338310638486,1
-2.65694192988361,-2.3965237539674,1
-0.990956581750366,-0.748323588149027,1
-2.18041536025754,-2.01794014474442,1
-2.121640636238,-1.97075972774646,1
-2.65721351604431,-1.74799456190672,1
-2.52610866022712,-2.23590292779795,1
-1.15720074104862,-1.17674499632802,1
-3.25148055649716,-3.4615543130624,1
-3.10414011938637,-2.76505771252405,1
-2.04490152849581,-1.42714973355474,1
-1.64634326680859,-1.54798972692838,1
-1.76707305308756,-1.42814544615459,1
-1.63719922084305,-1.90872338689872,1
-1.24093796708283,-1.37397355495525,1
-1.87696153094014,-2.0348551601836,1
-2.36438467660936,-1.97109772539965,1
-2.45991646275519,-2.19912443034682,1
-3.24926427105308,-3.60616298046232,1
-2.65548222958913,-1.25784840166802,1
-1.5604926145316,-0.688640672612308,1
-2.64589857464928,-2.45880767771967,1
-1.93886592770452,-2.05856796536036,1
-1.55259644610331,-1.32255011326191,1
-2.2812873804254,-2.49865142304643,1
-2.42126188918147,-1.96354774232729,1
-2.08251843464198,-2.32035334480923,1
-2.84072328545051,-2.65997938988728,1
-2.23337086400627,-2.07547976576519,1
-1.39582169794536,-1.58613419201416,1
-2.32907605093974,-1.64203307164091,1
-2.44039003596381,-2.02237775521651,1
-3.40359136161446,-3.03490568703242,1
-1.9256608225533,-2.18409362178673,1
-2.46498742627137,-2.55905079764702,1
-3.30516394966139,-2.95494738282326,1
-1.86554806514063,-1.77743144620002,1
-1.8797897679293,-1.60939970692644,1
-1.18106546931008,-1.42531139303482,1
-2.65854346483898,-2.74332146606556,1
-3.77711614160372,-3.56798048978328,1
-2.08919105169775,-2.2650010936316,1
-2.2930358330991,-2.52742712070284,1
-2.02460559924996,-1.66108135409414,1
-1.61103803172027,-1.70080551762142,1
-1.67268953767513,-1.82877097463747,1
-1.10026236860488,-0.978884534817724,1
-3.28834720084982,-2.85985282727289,1
-2.52428575513395,-1.95650248563067,1
-2.61231275994705,-3.09519520781489,1
-2.8018633689915,-2.18911705396199,1
-0.863261943164452,-0.66953946749223,1
-2.28011692567043,-1.97406925499587,1
-1.39259464391712,-1.37758929118995,1
-1.33780248041157,-1.25920417103912,1
-1.3344330470326,-1.42154217413147,1
-1.81568526634028,-1.42937846249382,1
-2.66011328971021,-2.98820120860426,1
-1.81093948466121,-2.15205273638247,1
-2.39605140063338,-1.79862640094253,1
-1.72408078917312,-1.59918080033612,1
-1.62271868462402,-1.59165446049272,1
-1.47629092393338,-1.5024231492266,1
-1.5741923515805,-1.48008913535709,1
-1.77413637965935,-1.84471747918453,1
-1.43769007696503,-0.935126893642004,1
-0.921505484042591,-0.450109504581403,1
-3.06133625951666,-3.03395416930587,1
-2.49699460740097,-2.4499497355313,1
-2.42519889869891,-2.19634905235968,1
-2.21970588885196,-1.85394151703578,1
-2.34538666402573,-2.58779470033813,1
-2.36543699919128,-2.30133361327552,1
-2.59339430210625,-2.45030622257272,1
-2.14755581446994,-2.53710897469182,1
-2.31332079404406,-2.26327056821939,1
-3.20536698558699,-2.97691637803783,1
-2.78905575993945,-2.40549474322887,1
-2.40211006879477,-2.87939780116745,1
-2.20480974901854,-2.38964410004069,1
-2.41913393459429,-2.12774114693401,1
-2.45052975111711,-2.52740231227654,1
-2.70174734838688,-2.62544449584489,1
-2.20822786195581,-2.42912930332795,1
-3.07602656503,-3.03353188921947,1
-2.59902377760793,-2.38709640825086,1
-2.76849749821703,-3.03209461945861,1
-3.63350666410682,-3.0514899580886,1
-2.51640346217954,-2.6801849490463,1
-2.29103111033407,-2.08157317483144,1
-2.74548275710758,-2.79658947566036,1
-3.20174001309661,-3.238589853202,1
-2.46862503711241,-2.25624243377336,1
-2.95912523846598,-2.30227633819755,1
-2.83249298013961,-3.05211051493004,1
-3.14848685385491,-2.51904566739195,1
-3.09898163808192,-2.57497296243436,1
-3.50651826152759,-3.46345241346336,1
-3.22775210625145,-3.07995312022889,1
-2.80760510958036,-2.64658960743029,1
-1.93343872877927,-1.93891351546665,1
-1.67409214673734,-1.48105842470877,1
-3.02251313233851,-3.02510083259478,1
-1.98973885772081,-2.025800720849,1
-2.79578472801198,-2.7062232058753,1
-2.74520873195382,-2.46756689689897,1
-3.97487168899711,-3.71575880714291,1
-2.97594511161455,-2.68417835666527,1
-3.17252521332181,-3.12314340275549,1
-1.7138888941892,-1.59143543855595,1
-2.9344472341769,-2.85425114385033,1
-2.36705717731216,-2.12838021046855,1
-2.88022960662691,-3.15166023652061,1
-3.26639553981824,-3.41473810940086,1
-2.21161501621725,-2.22156478115248,1
-2.34812518357917,-2.14941124936438,1
-2.89665359940575,-3.0182452764179,1
-1.75142872515362,-2.12859473577944,1
-2.02283250835836,-1.90501909992327,1
-2.49436076265388,-1.36217210065363,1
-1.82489425181166,-1.19938776263627,1
-1.37037688890979,-1.75728971826182,1
-2.12723430563677,-1.79163414078679,1
-1.07840783368593,-1.46080902714937,1
-2.31235205815268,-1.99871299495054,1
-0.987405680354506,-1.08682528183982,1
-1.854595108219,-1.0332655738928,1
-1.97017946974522,-2.35390919767468,1
-2.92983218948634,-2.82865724227504,1
-1.52442757376278,-1.2137842984913,1
-2.93989319756156,-2.3450024008734,1
-1.59995165401102,-0.414158100803865,1
-2.33389006734253,-2.07140030882682,1
-1.2552923314641,-1.21047470349332,1
-1.69418133942681,-2.07438794568919,1
-2.26878133657192,-2.03242110083915,1
-2.91066597843285,-2.4188856235221,1
-1.61417189752095,-1.11033080265063,1
-2.80326795107344,-2.53322717772348,1
-2.3823440778312,-1.83687548442801,1
-2.90031125691172,-2.47977603865091,1
-1.76261761969355,-0.532169327098904,1
-1.51952520534154,-2.39738508076822,1
-2.48341683659205,-1.9487610374189,1
-3.18014266619862,-2.27550766622887,1
-2.04849639021794,-2.31028744754967,1
-2.31773008516461,-2.45145298927075,1
-1.41748300410328,-0.910644268169557,1
-0.608411765312836,-0.834246066378354,1
-2.14623696066595,-1.81740298608164,1
-2.38000919279458,-2.16012945137786,1
-2.67072498049649,-2.53290242102411,1
-1.23042206312166,-1.39109981433467,1
-1.21848619288384,-1.15912548472331,1
-2.64717129297885,-1.96340489279162,1
-0.520858840613365,-0.49019755603262,1
-2.24061459795884,-2.2075016317064,1
-2.0281111642684,-1.98629820952604,1
-1.86793528001397,-1.32991787471264,1
-2.95559381592103,-3.02768401200577,1
-1.05253290682937,-1.04791126854591,1
-2.37485563610271,-2.28302012955369,1
-3.32500428589812,-2.91406113041962,1
-1.90454790027084,-1.79522516072758,1
-1.27046083756584,-1.31897763058047,1
-1.38383676450333,-1.33159055559949,1
-2.97538807077737,-2.38685426590911,1
-2.08842163400976,-1.78816511030436,1
-2.72633712764627,-2.30241041458378,1
-3.17630355668612,-3.31318737037336,1
-2.76709184958614,-2.71060906103588,1
-1.38311809636781,-0.994712728482177,1
-1.01310126685357,-1.01398589565638,1
-1.72726746558932,-1.70723160384929,1
-2.5225075003629,-1.94609451786274,1
-2.61640494547947,-2.67756815333603,1
-2.3137053864449,-1.89444493715979,1
-2.09739609980266,-2.05767381769724,1
-1.25096470491878,-1.30337389208686,1
-2.85209879009413,-2.49945693615072,1
-1.72580079439032,-1.95045118424511,1
-1.33703220311676,-1.6079217716426,1
-2.64254774008925,-2.22628818945637,1
-2.2143972764899,-1.74289135123468,1
-2.39677978230788,-2.172082416909,1
-1.38821811887498,-0.830509311754277,1
-0.464098814754423,-0.588835498093983,1
-2.67953524185544,-2.54023678753694,1
-2.10746237083347,-1.52299728187195,1
-2.06043463319572,-2.447066758627,1
-1.97253024526634,-2.24871130636217,1
-2.25639566896998,-1.93335885212496,1
-2.6565019948619,-2.15047486112527,1
-1.31043849291355,-1.36513476064742,1
-1.70938691092078,-1.00192149866427,1
-2.59014767633811,-2.18472393640289,1
-1.62271868462402,-1.59165446049271,1
-1.47629092393338,-1.5024231492266,1
-1.5741923515805,-1.48008913535709,1
-1.77413637965935,-1.84471747918453,1
-1.43769007696503,-0.935126893642005,1
-2.32245840869307,-1.89549402757224,1
-3.06133625951666,-3.03395416930587,1
-2.49699460740097,-2.4499497355313,1
-2.42519889869891,-2.19634905235968,1
-2.21970588885196,-1.85394151703578,1
-2.34538666402573,-2.58779470033813,1
-2.36543699919128,-2.30133361327552,1
-2.59339430210625,-2.45030622257272,1
-2.14755581446994,-2.53710897469182,1
-2.31332079404406,-2.26327056821939,1
-3.20536698558699,-2.97691637803783,1
-2.78905575993945,-2.40549474322887,1
-2.40211006879477,-2.87939780116746,1
-2.20480974901854,-2.3896441000407,1
-2.41913393459429,-2.12774114693401,1
-2.45052975111711,-2.52740231227654,1
-2.70174734838688,-2.62544449584489,1
-2.20822786195581,-2.42912930332795,1
-3.07602656503,-3.03353188921947,1
-2.59902377760793,-2.38709640825086,1
-2.76849749821702,-3.03209461945861,1
-3.63350666410682,-3.0514899580886,1
-2.51640346217953,-2.6801849490463,1
-2.29103111033407,-2.08157317483144,1
-2.74548275710758,-2.79658947566036,1
-3.20174001309661,-3.238589853202,1
-2.46862503711241,-2.25624243377336,1
-2.95912523846598,-2.30227633819755,1
-2.8324929801396,-3.05211051493004,1
-3.14848685385491,-2.51904566739195,1
-3.09898163808191,-2.57497296243435,1
-3.50651826152759,-3.46345241346336,1
-3.22775210625145,-3.07995312022888,1
-2.80760510958036,-2.64658960743029,1
-1.93343872877927,-1.93891351546665,1
-1.67409214673734,-1.48105842470877,1
-3.02251313233851,-3.02510083259478,1
-1.98973885772081,-2.025800720849,1
-2.79578472801199,-2.7062232058753,1
-2.74520873195382,-2.46756689689897,1
-3.97487168899711,-3.71575880714291,1
-2.97594511161455,-2.68417835666527,1
-3.17252521332181,-3.12314340275549,1
-1.7138888941892,-1.59143543855595,1
-2.9344472341769,-2.85425114385033,1
-2.36705717731216,-2.12838021046855,1
-2.88022960662691,-3.15166023652061,1
-3.26639553981824,-3.41473810940086,1
-2.21161501621725,-2.22156478115248,1
-2.34812518357917,-2.14941124936438,1
-2.89665359940575,-3.0182452764179,1
-1.75142872515362,-2.12859473577944,1
-2.02283250835836,-1.90501909992326,1
-2.49436076265388,-1.36217210065363,1
-2.71329475879969,-2.18026407619521,1
-2.23904786817941,-2.57344761061507,1
-2.12723430563677,-1.79163414078679,1
-1.07840783368593,-1.46080902714937,1
-1.84242438907792,-1.72388792666852,1
-0.987405680354506,-1.08682528183982,1
-2.8746909049349,-2.28772460843046,1
-1.97017946974522,-2.35390919767468,1
-2.92983218948634,-2.82865724227504,1
-1.52442757376278,-1.2137842984913,1
-2.93989319756156,-2.3450024008734,1
-2.55211342059878,-1.62307417226447,1
-3.40143816667616,-3.29585423327895,1
-1.2552923314641,-1.21047470349332,1
-1.69418133942681,-2.07438794568919,1
-3.41990801378401,-3.21608819907948,1
-2.91066597843286,-2.4188856235221,1
-1.61417189752095,-1.11033080265063,1
-2.80326795107344,-2.53322717772348,1
-2.3823440778312,-1.83687548442801,1
-2.90031125691173,-2.47977603865091,1
-3.1017678702234,-1.82854823758494,1
-1.51952520534154,-2.39738508076822,1
-2.48341683659205,-1.9487610374189,1
-3.18014266619862,-2.27550766622887,1
-2.04849639021794,-2.31028744754967,1
-2.31773008516461,-2.45145298927075,1
-1.41748300410328,-0.910644268169557,1
-0.608411765312835,-0.834246066378355,1
-2.14623696066594,-1.81740298608164,1
-2.38000919279458,-2.16012945137786,1
-2.67072498049649,-2.53290242102411,1
-1.23042206312166,-1.39109981433467,1
-1.9562533121879,-1.93957415103766,1
-2.64717129297885,-1.96340489279162,1
-0.520858840613366,-0.490197556032621,1
-2.24061459795884,-2.2075016317064,1
-2.0281111642684,-1.98629820952604,1
-2.24162095411785,-1.61406957336859,1
-2.95559381592103,-3.02768401200577,1
-1.05253290682937,-1.04791126854591,1
-2.6610145999641,-2.57321211957136,1
-3.32500428589812,-2.91406113041962,1
-1.90454790027084,-1.79522516072758,1
-1.27046083756584,-1.31897763058047,1
-1.38383676450333,-1.33159055559949,1
-2.97538807077739,-2.38685426590911,1
-2.08842163400975,-1.78816511030435,1
-2.72633712764627,-2.30241041458378,1
-3.17630355668611,-3.31318737037337,1
-3.48794158727704,-3.56144453459857,1
-1.93657577755843,-1.65856788173859,1
-1.90651623144081,-1.97793032183092,1
-1.72726746558932,-1.70723160384929,1
-3.44036642641054,-3.07583056040362,1
-2.61640494547948,-2.67756815333603,1
-2.3137053864449,-1.89444493715979,1
-2.09739609980266,-2.05767381769724,1
-2.44272350472498,-2.40777871053782,1
-2.85209879009413,-2.49945693615072,1
-1.72580079439031,-1.95045118424511,1
-1.33703220311676,-1.60792177164261,1
-2.64254774008925,-2.22628818945637,1
-2.2143972764899,-1.74289135123468,1
-2.39677978230788,-2.172082416909,1
-1.38821811887498,-0.830509311754278,1
-0.464098814754419,-0.588835498093982,1
-2.67953524185543,-2.54023678753694,1
-2.10746237083347,-1.52299728187195,1
-2.06043463319572,-2.447066758627,1
-2.48076799270501,-2.72894155312642,1
-2.25639566896998,-1.93335885212496,1
-2.65650199486191,-2.15047486112527,1
-1.31043849291355,-1.36513476064742,1
-1.70938691092078,-1.00192149866427,1
-2.59014767633812,-2.18472393640289,1
-2.7614959241848,-2.69667834693904,1
-1.47629092393337,-1.5024231492266,1
-2.05038730571782,-2.00883986976433,1
-1.77413637965935,-1.84471747918453,1
-2.38369702485679,-1.81781929241206,1
-2.32245840869307,-1.89549402757224,1
-3.06133625951666,-3.03395416930587,1
-2.49699460740097,-2.4499497355313,1
-2.49877419287153,-2.27513330198631,1
-2.21970588885196,-1.85394151703578,1
-2.34538666402573,-2.58779470033813,1
-2.96426649437236,-2.88369563460723,1
-2.50847423136766,-2.322844017228,1
-2.14755581446994,-2.53710897469182,1
-2.31332079404405,-2.26327056821939,1
-3.20536698558699,-2.97691637803783,1
-2.78905575993945,-2.40549474322887,1
-2.40211006879477,-2.87939780116746,1
-2.20480974901854,-2.38964410004069,1
-2.41913393459429,-2.12774114693401,1
-2.45052975111711,-2.52740231227654,1
-2.70174734838688,-2.62544449584489,1
-2.20822786195581,-2.42912930332795,1
-3.07602656503,-3.03353188921947,1
-2.59902377760793,-2.38709640825086,1
-2.76849749821703,-3.03209461945861,1
-3.63350666410682,-3.0514899580886,1
-2.51640346217952,-2.6801849490463,1
-2.29103111033407,-2.08157317483144,1
-2.74548275710758,-2.79658947566036,1
-3.20174001309661,-3.238589853202,1
-2.46862503711241,-2.25624243377336,1
-2.95912523846598,-2.30227633819755,1
-2.8324929801396,-3.05211051493004,1
-3.14848685385491,-2.51904566739195,1
-3.09898163808192,-2.57497296243436,1
-3.50651826152759,-3.46345241346336,1
-3.22775210625147,-3.07995312022888,1
-2.80760510958036,-2.64658960743029,1
-1.93343872877927,-1.93891351546665,1
-1.67409214673734,-1.48105842470877,1
-3.02251313233851,-3.02510083259478,1
-1.98973885772081,-2.025800720849,1
-2.79578472801198,-2.7062232058753,1
-2.74520873195382,-2.46756689689897,1
-3.97487168899711,-3.71575880714291,1
-2.97594511161455,-2.68417835666527,1
-3.17252521332182,-3.12314340275549,1
-1.7138888941892,-1.59143543855595,1
-2.93444723417691,-2.85425114385034,1
-2.36705717731216,-2.12838021046855,1
-2.88022960662691,-3.1516602365206,1
-3.26639553981825,-3.41473810940086,1
-2.21161501621725,-2.22156478115248,1
-2.34812518357916,-2.14941124936438,1
-2.89665359940575,-3.0182452764179,1
-1.74560203479763,-2.00825097651922,1
-2.26140675680016,-2.24547921207854,1
-3.54327971044467,-2.48528701483549,1
-2.71329475879967,-2.18026407619521,1
-2.23904786817941,-2.57344761061507,1
-2.57202352586356,-2.17914692609245,1
-1.07840783368593,-1.46080902714937,1
-1.84242438907792,-1.72388792666852,1
-0.987405680354506,-1.08682528183982,1
-2.87469090493489,-2.28772460843046,1
-3.04160484898844,-3.27303569487444,1
-2.92983218948635,-2.82865724227504,1
-2.99986485210906,-2.71426128883855,1
-2.93989319756156,-2.3450024008734,1
-2.46746547276494,-1.76014704991698,1
-3.40143816667616,-3.29585423327895,1
-1.65304338616707,-1.65579073464408,1
-3.0771946804925,-3.42796632317107,1
-3.41990801378401,-3.21608819907948,1
-2.91066597843286,-2.4188856235221,1
-2.20764527692775,-1.57888565075824,1
-3.3769717204273,-3.20296795234438,1
-2.98006892825198,-2.51353116503314,1
-2.76572594340151,-2.16582700012748,1
-3.1017678702234,-1.82854823758494,1
-1.51952520534154,-2.39738508076822,1
-2.48341683659205,-1.9487610374189,1
-3.76441195332683,-3.20448717610161,1
-2.04849639021794,-2.31028744754967,1
-3.30279425006263,-3.54155252458163,1
-1.41748300410328,-0.910644268169556,1
-1.63424755721467,-1.97858764931929,1
-2.14623696066594,-1.81740298608164,1
-3.5856657700692,-3.4427302740953,1
-3.56245904877782,-3.53080176921971,1
-2.28852647603419,-2.24279812849947,1
-1.9562533121879,-1.93957415103766,1
-2.64717129297885,-1.96340489279162,1
-1.84396660619316,-1.61396719469543,1
-2.90887405979092,-2.73101180908012,1
-3.07820817841971,-2.9015405855781,1
-2.24162095411785,-1.61406957336859,1
-3.43033548601273,-3.32315064928821,1
-1.79665707223191,-1.72453810338341,1
-3.57776139877308,-3.54707865939554,1
-3.32500428589812,-2.91406113041963,1
-2.99724247489025,-2.75542579206072,1
-1.97501060251212,-1.76763861871935,1
-1.38383676450333,-1.33159055559949,1
-2.84885691609878,-2.26622163076593,1
-3.30353226519584,-3.02919190641255,1
-2.72633712764628,-2.30241041458378,1
-3.20075900460605,-3.46675509954888,1
-3.48794158727704,-3.56144453459857,1
-1.93657577755843,-1.65856788173859,1
-1.90651623144082,-1.97793032183092,1
-2.69293043343636,-2.72074491753805,1
-3.44036642641054,-3.07583056040362,1
-2.61640494547948,-2.67756815333602,1
-2.31370538644491,-1.89444493715979,1
-2.61959017809271,-2.67755711770578,1
-2.44272350472497,-2.40777871053781,1
-2.70152844389233,-2.45001890323211,1
-1.92430338883165,-2.14307663612686,1
-2.25370385742231,-2.37676459320622,1
-2.64254774008925,-2.22628818945637,1
-3.188375478769,-2.69714159561117,1
-3.01014397492714,-2.87332852054728,1
-2.76312925402923,-2.29344882944676,1
-1.59598576765234,-1.92803166631005,1
-2.67953524185544,-2.54023678753695,1
-2.89885462644999,-2.54658635920607,1
-2.07214058759523,-2.20917373170435,1
-2.48076799270501,-2.72894155312642,1
-2.21180619004258,-2.18290660467806,1
-3.29687869734644,-3.24801332734092,1
-2.20785247064193,-2.22122455201891,1
-2.50153244018311,-2.08066451678135,1
-2.59014767633811,-2.18472393640289,1
